scheme,Δω_op,mode_idx,real,imag,omega_n,damping
C1,0.0,1,-50.0000000000001,0.0,50.0000000000001,1.0
C1,0.0,2,-33.963439563472086,-14.377089500149234,36.881105317993416,0.9208899589813033
C1,0.0,3,-33.963439563472086,14.377089500149234,36.881105317993416,0.9208899589813033
C1,0.0,4,-2.5731208730557498,0.0,2.5731208730557498,1.0
C1,0.0,5,0.0,0.0,0.0,1.0
C2,0.0,1,-50.00000000000012,0.0,50.00000000000012,1.0
C2,0.0,2,-33.96343955462007,-14.377089536172212,36.881105323884256,0.9208899585941991
C2,0.0,3,-33.96343955462007,14.377089536172212,36.881105323884256,0.9208899585941991
C2,0.0,4,-2.5731208907598955,0.0,2.5731208907598955,1.0
C2,0.0,5,0.0,0.0,0.0,1.0
C3,0.0,1,-50.00000000000011,0.0,50.00000000000011,1.0
C3,0.0,2,-33.963439545767955,-14.377089572195151,36.88110532977499,0.9208899582070948
C3,0.0,3,-33.963439545767955,14.377089572195151,36.88110532977499,0.9208899582070948
C3,0.0,4,-2.5731209084640554,0.0,2.5731209084640554,1.0
C3,0.0,5,0.0,0.0,0.0,1.0
C4,0.0,1,-50.00000000000011,0.0,50.00000000000011,1.0
C4,0.0,2,-33.963439545767955,-14.377089572195151,36.88110532977499,0.9208899582070948
C4,0.0,3,-33.963439545767955,14.377089572195151,36.88110532977499,0.9208899582070948
C4,0.0,4,-2.5731209084640554,0.0,2.5731209084640554,1.0
C4,0.0,5,0.0,0.0,0.0,1.0
C1,0.1,1,-49.99999997519616,0.0,49.99999997519616,1.0
C1,0.1,2,-33.96342420376196,-14.377079246067693,36.88108717611771,0.9208899955030317
C1,0.1,3,-33.96342420376196,14.377079246067693,36.88108717611771,0.9208899955030317
C1,0.1,4,-2.573121944206001,0.0,2.573121944206001,1.0
C1,0.1,5,0.0,0.0,0.0,1.0
C2,0.1,1,-49.99999997530716,0.0,49.99999997530716,1.0
C2,0.1,2,-33.802606525865365,-15.802956377403449,37.314201561986984,0.9058911918485486
C2,0.1,3,-33.802606525865365,15.802956377403449,37.314201561986984,0.9058911918485486
C2,0.1,4,-2.8947572998882194,0.0,2.8947572998882194,1.0
C2,0.1,5,0.0,0.0,0.0,1.0
C3,0.1,1,-49.99999997565153,0.0,49.99999997565153,1.0
C3,0.1,2,-33.57029494688369,-14.639324013634376,36.62341478339966,0.9166347579936795
C3,0.1,3,-33.57029494688369,14.639324013634376,36.62341478339966,0.9166347579936795
C3,0.1,4,-3.359562356447597,0.0,3.359562356447597,1.0
C3,0.1,5,0.0,0.0,0.0,1.0
C4,0.1,1,-49.99999997565153,0.0,49.99999997565153,1.0
C4,0.1,2,-33.57029494688369,-14.639324013634376,36.62341478339966,0.9166347579936795
C4,0.1,3,-33.57029494688369,14.639324013634376,36.62341478339966,0.9166347579936795
C4,0.1,4,-3.359562356447597,0.0,3.359562356447597,1.0
C4,0.1,5,0.0,0.0,0.0,1.0
C1,0.2,1,-339.3513547231854,0.0,339.3513547231854,1.0
C1,0.2,2,-49.999909116902785,0.0,49.999909116902785,1.0
C1,0.2,3,-21.347523785543725,0.0,21.347523785543725,1.0
C1,0.2,4,-3.7289517113439863,0.0,3.7289517113439863,1.0
C1,0.2,5,0.0,0.0,0.0,1.0
C2,0.2,1,-339.02352849211303,0.0,339.02352849211303,1.0
C2,0.2,2,-49.999849527163995,0.0,49.999849527163995,1.0
C2,0.2,3,-21.564218261155535,0.0,21.564218261155535,1.0
C2,0.2,4,-3.8401430565431722,0.0,3.8401430565431722,1.0
C2,0.2,5,0.0,0.0,0.0,1.0
C3,0.2,1,-339.1675809750998,0.0,339.1675809750998,1.0
C3,0.2,2,-49.99974945235185,0.0,49.99974945235185,1.0
C3,0.2,3,-21.231260605618463,0.0,21.231260605618463,1.0
C3,0.2,4,-4.0291483039052665,0.0,4.0291483039052665,1.0
C3,0.2,5,0.0,0.0,0.0,1.0
C4,0.2,1,-50.01706428245773,0.0,50.01706428245773,1.0
C4,0.2,2,-50.00042791000795,0.0,50.00042791000795,1.0
C4,0.2,3,-34.02367292009247,0.0,34.02367292009247,1.0
C4,0.2,4,-5.100779707994949,0.0,5.100779707994949,1.0
C4,0.2,5,2.5800572615057872e-5,0.0,2.5800572615057872e-5,-1.0
C1,0.3,1,-331.963566299327,0.0,331.963566299327,1.0
C1,0.3,2,-50.00001756138137,0.0,50.00001756138137,1.0
C1,0.3,3,-21.378630815173164,0.0,21.378630815173164,1.0
C1,0.3,4,-3.7235686385159306,0.0,3.7235686385159306,1.0
C1,0.3,5,0.0,0.0,0.0,1.0
C2,0.3,1,-331.4600159962941,0.0,331.4600159962941,1.0
C2,0.3,2,-50.0000347146145,0.0,50.0000347146145,1.0
C2,0.3,3,-21.712292310044784,0.0,21.712292310044784,1.0
C2,0.3,4,-3.893076495563376,0.0,3.893076495563376,1.0
C2,0.3,5,0.0,0.0,0.0,1.0
C3,0.3,1,-331.6816037373279,0.0,331.6816037373279,1.0
C3,0.3,2,-50.000062824802534,0.0,50.000062824802534,1.0
C3,0.3,3,-21.20403732678398,0.0,21.20403732678398,1.0
C3,0.3,4,-4.180443223363796,0.0,4.180443223363796,1.0
C3,0.3,5,0.0,0.0,0.0,1.0
C4,0.3,1,-61.417662799983674,0.0,61.417662799983674,1.0
C4,0.3,2,-50.00004553736063,0.0,50.00004553736063,1.0
C4,0.3,3,-30.228897772894932,0.0,30.228897772894932,1.0
C4,0.3,4,-5.989889603120222,0.0,5.989889603120222,1.0
C4,0.3,5,4.3605335202946475e-5,0.0,4.3605335202946475e-5,-1.0
C1,0.4,1,-322.02738228326956,0.0,322.02738228326956,1.0
C1,0.4,2,-49.99986092933889,0.0,49.99986092933889,1.0
C1,0.4,3,-21.423626470242247,0.0,21.423626470242247,1.0
C1,0.4,4,-3.71526861669209,0.0,3.71526861669209,1.0
C1,0.4,5,0.0,0.0,0.0,1.0
C2,0.4,1,-321.33390889172546,0.0,321.33390889172546,1.0
C2,0.4,2,-49.9996761286575,0.0,49.9996761286575,1.0
C2,0.4,3,-21.88654043672835,0.0,21.88654043672835,1.0
C2,0.4,4,-3.946012842431425,0.0,3.946012842431425,1.0
C2,0.4,5,0.0,0.0,0.0,1.0
C3,0.4,1,-321.63966817721746,0.0,321.63966817721746,1.0
C3,0.4,2,-49.999382932701515,0.0,49.999382932701515,1.0
C3,0.4,3,-21.19336820353911,0.0,21.19336820353911,1.0
C3,0.4,4,-4.333718986084907,0.0,4.333718986084907,1.0
C3,0.4,5,0.0,0.0,0.0,1.0
C4,0.4,1,-70.01486792928259,0.0,70.01486792928259,1.0
C4,0.4,2,-49.99990445359988,0.0,49.99990445359988,1.0
C4,0.4,3,-28.475803817114247,0.0,28.475803817114247,1.0
C4,0.4,4,-6.716430878129067,0.0,6.716430878129067,1.0
C4,0.4,5,6.1038360414884e-5,0.0,6.1038360414884e-5,-1.0
C1,0.5,1,-309.90759183600784,0.0,309.90759183600784,1.0
C1,0.5,2,-50.00007903064544,0.0,50.00007903064544,1.0
C1,0.5,3,-21.481521655151592,0.0,21.481521655151592,1.0
C1,0.5,4,-3.7054276926051486,0.0,3.7054276926051486,1.0
C1,0.5,5,0.0,0.0,0.0,1.0
C2,0.5,1,-309.0041713429667,0.0,309.0041713429667,1.0
C2,0.5,2,-50.00021040322889,0.0,50.00021040322889,1.0
C2,0.5,3,-22.08711594076651,0.0,22.08711594076651,1.0
C2,0.5,4,-4.003122527448301,0.0,4.003122527448301,1.0
C2,0.5,5,0.0,0.0,0.0,1.0
C3,0.5,1,-309.4034626889704,0.0,309.4034626889704,1.0
C3,0.5,2,-50.00041054531399,0.0,50.00041054531399,1.0
C3,0.5,3,-21.194836998218094,0.0,21.194836998218094,1.0
C3,0.5,4,-4.495909981907537,0.0,4.495909981907537,1.0
C3,0.5,5,0.0,0.0,0.0,1.0
C4,0.5,1,-76.88626049292918,0.0,76.88626049292918,1.0
C4,0.5,2,-49.99988722547188,0.0,49.99988722547188,1.0
C4,0.5,3,-27.442300884757177,0.0,27.442300884757177,1.0
C4,0.5,4,-7.3226405030930914,0.0,7.3226405030930914,1.0
C4,0.5,5,7.726329520784181e-5,0.0,7.726329520784181e-5,-1.0
C1,0.6,1,-296.02483763021337,0.0,296.02483763021337,1.0
C1,0.6,2,-50.00014013676914,0.0,50.00014013676914,1.0
C1,0.6,3,-21.553324864798057,0.0,21.553324864798057,1.0
C1,0.6,4,-3.6927596398580533,0.0,3.6927596398580533,1.0
C1,0.6,5,0.0,0.0,0.0,1.0
C2,0.6,1,-294.8860713697933,0.0,294.8860713697933,1.0
C2,0.6,2,-50.00042420221529,0.0,50.00042420221529,1.0
C2,0.6,3,-22.322194812843374,0.0,22.322194812843374,1.0
C2,0.6,4,-4.063099482547941,0.0,4.063099482547941,1.0
C2,0.6,5,0.0,0.0,0.0,1.0
C3,0.6,1,-295.3908552807622,0.0,295.3908552807622,1.0
C3,0.6,2,-50.00083615628974,0.0,50.00083615628974,1.0
C3,0.6,3,-21.2150749533568,0.0,21.2150749533568,1.0
C3,0.6,4,-4.6635682854688945,0.0,4.6635682854688945,1.0
C3,0.6,5,0.0,0.0,0.0,1.0
C4,0.6,1,-82.19326569628858,0.0,82.19326569628858,1.0
C4,0.6,2,-50.000043927893145,0.0,50.000043927893145,1.0
C4,0.6,3,-26.807239219566686,0.0,26.807239219566686,1.0
C4,0.6,4,-7.837512493630056,0.0,7.837512493630056,1.0
C4,0.6,5,9.17866301781712e-5,0.0,9.17866301781712e-5,-1.0
C1,0.7,1,-280.8203696099971,0.0,280.8203696099971,1.0
C1,0.7,2,-50.00001867325245,0.0,50.00001867325245,1.0
C1,0.7,3,-21.64472039815669,0.0,21.64472039815669,1.0
C1,0.7,4,-3.6774187209417,0.0,3.6774187209417,1.0
C1,0.7,5,0.0,0.0,0.0,1.0
C2,0.7,1,-279.4124027956251,0.0,279.4124027956251,1.0
C2,0.7,2,-50.000060672152166,0.0,50.000060672152166,1.0
C2,0.7,3,-22.602533012921032,0.0,22.602533012921032,1.0
C2,0.7,4,-4.127530921649621,0.0,4.127530921649621,1.0
C2,0.7,5,0.0,0.0,0.0,1.0
C3,0.7,1,-280.0386299672032,0.0,280.0386299672032,1.0
C3,0.7,2,-50.00011812642383,0.0,50.00011812642383,1.0
C3,0.7,3,-21.265743737112878,0.0,21.265743737112878,1.0
C3,0.7,4,-4.83803557160809,0.0,4.83803557160809,1.0
C3,0.7,5,0.0,0.0,0.0,1.0
C4,0.7,1,-85.98593596179145,0.0,85.98593596179145,1.0
C4,0.7,2,-49.9996547072497,0.0,49.9996547072497,1.0
C4,0.7,3,-26.453678815558565,0.0,26.453678815558565,1.0
C4,0.7,4,-8.278558164479186,0.0,8.278558164479186,1.0
C4,0.7,5,0.0001042912184738444,0.0,0.0001042912184738444,-1.0
C1,0.8,1,-264.73909440460096,0.0,264.73909440460096,1.0
C1,0.8,2,-50.00001804224384,0.0,50.00001804224384,1.0
C1,0.8,3,-21.750869684951837,0.0,21.750869684951837,1.0
C1,0.8,4,-3.6595697932766242,0.0,3.6595697932766242,1.0
C1,0.8,5,0.0,0.0,0.0,1.0
C2,0.8,1,-263.02264138572644,0.0,263.02264138572644,1.0
C2,0.8,2,-50.00006705452674,0.0,50.00006705452674,1.0
C2,0.8,3,-22.928637921870823,0.0,22.928637921870823,1.0
C2,0.8,4,-4.198205562949026,0.0,4.198205562949026,1.0
C2,0.8,5,0.0,0.0,0.0,1.0
C3,0.8,1,-263.78903062851595,0.0,263.78903062851595,1.0
C3,0.8,2,-50.000129672942506,0.0,50.000129672942506,1.0
C3,0.8,3,-21.34202877209665,0.0,21.34202877209665,1.0
C3,0.8,4,-5.021273234563665,0.0,5.021273234563665,1.0
C3,0.8,5,0.0,0.0,0.0,1.0
C4,0.8,1,-88.32870700829994,0.0,88.32870700829994,1.0
C4,0.8,2,-49.99961577333474,0.0,49.99961577333474,1.0
C4,0.8,3,-26.315368028516502,0.0,26.315368028516502,1.0
C4,0.8,4,-8.65991727186827,0.0,8.65991727186827,1.0
C4,0.8,5,0.0001146372207738653,0.0,0.0001146372207738653,-1.0
C1,0.9,1,-248.1972331750353,0.0,248.1972331750353,1.0
C1,0.9,2,-50.000142186843,0.0,50.000142186843,1.0
C1,0.9,3,-21.87366402797965,0.0,21.87366402797965,1.0
C1,0.9,4,-3.63910021489136,0.0,3.63910021489136,1.0
C1,0.9,5,0.0,0.0,0.0,1.0
C2,0.9,1,-246.32843626225164,0.0,246.32843626225164,1.0
C2,0.9,2,-50.000633472390156,0.0,50.000633472390156,1.0
C2,0.9,3,-23.03942951013348,0.0,23.03942951013348,1.0
C2,0.9,4,-4.3445507430196155,0.0,4.3445507430196155,1.0
C2,0.9,5,0.0,0.0,0.0,1.0
C3,0.9,1,-247.05433921707333,0.0,247.05433921707333,1.0
C3,0.9,2,-50.00112620359749,0.0,50.00112620359749,1.0
C3,0.9,3,-21.443728017861748,0.0,21.443728017861748,1.0
C3,0.9,4,-5.213856549262458,0.0,5.213856549262458,1.0
C3,0.9,5,0.0,0.0,0.0,1.0
C4,0.9,1,-89.31383617125132,0.0,89.31383617125132,1.0
C4,0.9,2,-50.00033164590823,0.0,50.00033164590823,1.0
C4,0.9,3,-26.358492862892508,0.0,26.358492862892508,1.0
C4,0.9,4,-8.991394842579819,0.0,8.991394842579819,1.0
C4,0.9,5,0.00012276107778438078,0.0,0.00012276107778438078,-1.0
C1,1.0,1,-231.5669879513578,0.0,231.5669879513578,1.0
C1,1.0,2,-50.00026653297557,0.0,50.00026653297557,1.0
C1,1.0,3,-22.016214075205507,0.0,22.016214075205507,1.0
C1,1.0,4,-3.61586283568571,0.0,3.61586283568571,1.0
C1,1.0,5,0.0,0.0,0.0,1.0
C2,1.0,1,-228.7549841382668,0.0,228.7549841382668,1.0
C2,1.0,2,-50.00120584244171,0.0,50.00120584244171,1.0
C2,1.0,3,-24.121167314581836,0.0,24.121167314581836,1.0
C2,1.0,4,-4.321974099934474,0.0,4.321974099934474,1.0
C2,1.0,5,0.0,0.0,0.0,1.0
C3,1.0,1,-230.20128043239254,0.0,230.20128043239254,1.0
C3,1.0,2,-50.00227271663546,0.0,50.00227271663546,1.0
C3,1.0,3,-21.58100914637836,0.0,21.58100914637836,1.0
C3,1.0,4,-5.414769099818662,0.0,5.414769099818662,1.0
C3,1.0,5,0.0,0.0,0.0,1.0
C4,1.0,1,-89.06323979260455,0.0,89.06323979260455,1.0
C4,1.0,2,-50.00036002349657,0.0,50.00036002349657,1.0
C4,1.0,3,-26.578668497718372,0.0,26.578668497718372,1.0
C4,1.0,4,-9.27436490160393,0.0,9.27436490160393,1.0
C4,1.0,5,0.00012864595676984663,0.0,0.00012864595676984663,-1.0
C1,1.1,1,-215.1640527869622,0.0,215.1640527869622,1.0
C1,1.1,2,-49.99969168293954,0.0,49.99969168293954,1.0
C1,1.1,3,-22.185642836612885,0.0,22.185642836612885,1.0
C1,1.1,4,-3.5888154673013712,0.0,3.5888154673013712,1.0
C1,1.1,5,0.0,0.0,0.0,1.0
C2,1.1,1,-211.31995637834942,0.0,211.31995637834942,1.0
C2,1.1,2,-49.99877822327035,0.0,49.99877822327035,1.0
C2,1.1,3,-25.443360324987708,0.0,25.443360324987708,1.0
C2,1.1,4,-4.17901823025438,0.0,4.17901823025438,1.0
C2,1.1,5,0.0,0.0,0.0,1.0
C3,1.1,1,-213.53734587355126,0.0,213.53734587355126,1.0
C3,1.1,2,-49.99724355115198,0.0,49.99724355115198,1.0
C3,1.1,3,-21.790243614972635,0.0,21.790243614972635,1.0
C3,1.1,4,-5.6133697341404645,0.0,5.6133697341404645,1.0
C3,1.1,5,0.0,0.0,0.0,1.0
C4,1.1,1,-87.71735611310598,0.0,87.71735611310598,1.0
C4,1.1,2,-49.99950404135468,0.0,49.99950404135468,1.0
C4,1.1,3,-26.988512172956156,0.0,26.988512172956156,1.0
C4,1.1,4,-9.508861880487041,0.0,9.508861880487041,1.0
C4,1.1,5,0.00013239661638010016,0.0,0.00013239661638010016,-1.0
C1,1.2,1,-199.25403309821712,0.0,199.25403309821712,1.0
C1,1.2,2,-50.000147123045615,0.0,50.000147123045615,1.0
C1,1.2,3,-22.372447741542516,0.0,22.372447741542516,1.0
C1,1.2,4,-3.5609000909718804,0.0,3.5609000909718804,1.0
C1,1.2,5,0.0,0.0,0.0,1.0
C2,1.2,1,-195.70603377467958,0.0,195.70603377467958,1.0
C2,1.2,2,-50.000812992335405,0.0,50.000812992335405,1.0
C2,1.2,3,-24.922220506319572,0.0,24.922220506319572,1.0
C2,1.2,4,-4.559915971965511,0.0,4.559915971965511,1.0
C2,1.2,5,0.0,0.0,0.0,1.0
C3,1.2,1,-197.32458479169827,0.0,197.32458479169827,1.0
C3,1.2,2,-50.00137806476601,0.0,50.00137806476601,1.0
C3,1.2,3,-22.030846562213192,0.0,22.030846562213192,1.0
C3,1.2,4,-5.832173826622821,0.0,5.832173826622821,1.0
C3,1.2,5,0.0,0.0,0.0,1.0
C4,1.2,1,-85.42199805567205,0.0,85.42199805567205,1.0
C4,1.2,2,-50.00015273899989,0.0,50.00015273899989,1.0
C4,1.2,3,-27.592924872102333,0.0,27.592924872102333,1.0
C4,1.2,4,-9.701381743204253,0.0,9.701381743204253,1.0
C4,1.2,5,0.00013421093823418542,0.0,0.00013421093823418542,-1.0
C1,1.3,1,-184.0377340686391,0.0,184.0377340686391,1.0
C1,1.3,2,-50.000275750557975,0.0,50.000275750557975,1.0
C1,1.3,3,-22.586883746735754,0.0,22.586883746735754,1.0
C1,1.3,4,-3.5292555017268668,0.0,3.5292555017268668,1.0
C1,1.3,5,0.0,0.0,0.0,1.0
C2,1.3,1,-179.81754583104822,0.0,179.81754583104822,1.0
C2,1.3,2,-50.001698744563534,0.0,50.001698744563534,1.0
C2,1.3,3,-25.661650244288968,0.0,25.661650244288968,1.0
C2,1.3,4,-4.673254247758808,0.0,4.673254247758808,1.0
C2,1.3,5,0.0,0.0,0.0,1.0
C3,1.3,1,-181.75669569229836,0.0,181.75669569229836,1.0
C3,1.3,2,-50.00273502496675,0.0,50.00273502496675,1.0
C3,1.3,3,-22.34912260241331,0.0,22.34912260241331,1.0
C3,1.3,4,-6.0455957479810705,0.0,6.0455957479810705,1.0
C3,1.3,5,0.0,0.0,0.0,1.0
C4,1.3,1,-82.32095775312342,0.0,82.32095775312342,1.0
C4,1.3,2,-50.00016649282205,0.0,50.00016649282205,1.0
C4,1.3,3,-28.421253491255488,0.0,28.421253491255488,1.0
C4,1.3,4,-9.846538531490285,0.0,9.846538531490285,1.0
C4,1.3,5,0.00013423511527540523,0.0,0.00013423511527540523,-1.0
C1,1.4,1,-169.64979580963362,0.0,169.64979580963362,1.0
C1,1.4,2,-50.00001745248077,0.0,50.00001745248077,1.0
C1,1.4,3,-22.83477396980583,0.0,22.83477396980583,1.0
C1,1.4,4,-3.4949732217707083,0.0,3.4949732217707083,1.0
C1,1.4,5,0.0,0.0,0.0,1.0
C2,1.4,1,-164.62184131055463,0.0,164.62184131055463,1.0
C2,1.4,2,-50.000126727890525,0.0,50.000126727890525,1.0
C2,1.4,3,-26.562309732488238,0.0,26.562309732488238,1.0
C2,1.4,4,-4.795282682757464,0.0,4.795282682757464,1.0
C2,1.4,5,0.0,0.0,0.0,1.0
C3,1.4,1,-166.9515683032148,0.0,166.9515683032148,1.0
C3,1.4,2,-50.00019254192102,0.0,50.00019254192102,1.0
C3,1.4,3,-22.77214134948031,0.0,22.77214134948031,1.0
C3,1.4,4,-6.255658259074689,0.0,6.255658259074689,1.0
C3,1.4,5,0.0,0.0,0.0,1.0
C4,1.4,1,-78.52782498125123,0.0,78.52782498125123,1.0
C4,1.4,2,-49.99788406148818,0.0,49.99788406148818,1.0
C4,1.4,3,-29.522550323581076,0.0,29.522550323581076,1.0
C4,1.4,4,-9.942547073037785,0.0,9.942547073037785,1.0
C4,1.4,5,0.0001326232375536608,0.0,0.0001326232375536608,-1.0
C1,1.5,1,-156.19450527206442,0.0,156.19450527206442,1.0
C1,1.5,2,-50.00001973718983,0.0,50.00001973718983,1.0
C1,1.5,3,-23.107896982838724,0.0,23.107896982838724,1.0
C1,1.5,4,-3.458178312878069,0.0,3.458178312878069,1.0
C1,1.5,5,0.0,0.0,0.0,1.0
C2,1.5,1,-150.2114010389081,0.0,150.2114010389081,1.0
C2,1.5,2,-50.000145157225816,0.0,50.000145157225816,1.0
C2,1.5,3,-27.622420262998304,0.0,27.622420262998304,1.0
C2,1.5,4,-4.926633845838579,0.0,4.926633845838579,1.0
C2,1.5,5,0.0,0.0,0.0,1.0
C3,1.5,1,-153.01067865455738,0.0,153.01067865455738,1.0
C3,1.5,2,-50.0002042939236,0.0,50.0002042939236,1.0
C3,1.5,3,-23.296728002085548,0.0,23.296728002085548,1.0
C3,1.5,4,-6.458810120495768,0.0,6.458810120495768,1.0
C3,1.5,5,0.0,0.0,0.0,1.0
C4,1.5,1,-74.10771132676251,0.0,74.10771132676251,1.0
C4,1.5,2,-49.99947539877062,0.0,49.99947539877062,1.0
C4,1.5,3,-30.966848103318817,0.0,30.966848103318817,1.0
C4,1.5,4,-9.999575859670527,0.0,9.999575859670527,1.0
C4,1.5,5,0.00012975965458707981,0.0,0.00012975965458707981,-1.0
C1,1.6,1,-143.71666578305795,0.0,143.71666578305795,1.0
C1,1.6,2,-49.99953270246854,0.0,49.99953270246854,1.0
C1,1.6,3,-23.41788741085903,0.0,23.41788741085903,1.0
C1,1.6,4,-3.41800358407811,0.0,3.41800358407811,1.0
C1,1.6,5,0.0,0.0,0.0,1.0
C2,1.6,1,-136.58479611749297,0.0,136.58479611749297,1.0
C2,1.6,2,-49.99596717636117,0.0,49.99596717636117,1.0
C2,1.6,3,-28.9132335469273,0.0,28.9132335469273,1.0
C2,1.6,4,-5.061003022727974,0.0,5.061003022727974,1.0
C2,1.6,5,0.0,0.0,0.0,1.0
C3,1.6,1,-139.96191645065824,0.0,139.96191645065824,1.0
C3,1.6,2,-49.99478157839078,0.0,49.99478157839078,1.0
C3,1.6,3,-23.94820671334013,0.0,23.94820671334013,1.0
C3,1.6,4,-6.644274355028706,0.0,6.644274355028706,1.0
C3,1.6,5,0.0,0.0,0.0,1.0
C4,1.6,1,-69.09420276956561,0.0,69.09420276956561,1.0
C4,1.6,2,-50.00114434651819,0.0,50.00114434651819,1.0
C4,1.6,3,-32.839466014153764,0.0,32.839466014153764,1.0
C4,1.6,4,-10.01313333037677,0.0,10.01313333037677,1.0
C4,1.6,5,0.00012579569353860193,0.0,0.00012579569353860193,-1.0
C1,1.7,1,-132.2301076067587,0.0,132.2301076067587,1.0
C1,1.7,2,-50.0005178619406,0.0,50.0005178619406,1.0
C1,1.7,3,-23.751725024753434,0.0,23.751725024753434,1.0
C1,1.7,4,-3.3789299964196347,0.0,3.3789299964196347,1.0
C1,1.7,5,0.0,0.0,0.0,1.0
C2,1.7,1,-127.22915592520009,0.0,127.22915592520009,1.0
C2,1.7,2,-50.00454597936815,0.0,50.00454597936815,1.0
C2,1.7,3,-26.527543501956877,0.0,26.527543501956877,1.0
C2,1.7,4,-5.600035083347488,0.0,5.600035083347488,1.0
C2,1.7,5,0.0,0.0,0.0,1.0
C3,1.7,1,-127.79927777015196,0.0,127.79927777015196,1.0
C3,1.7,2,-50.00605419322874,0.0,50.00605419322874,1.0
C3,1.7,3,-24.71750621645584,0.0,24.71750621645584,1.0
C3,1.7,4,-6.838442310036075,0.0,6.838442310036075,1.0
C3,1.7,5,0.0,0.0,0.0,1.0
C4,1.7,1,-63.23967638051506,0.0,63.23967638051506,1.0
C4,1.7,2,-50.00036487824653,0.0,50.00036487824653,1.0
C4,1.7,3,-35.51494763428611,0.0,35.51494763428611,1.0
C4,1.7,4,-9.984596155429708,0.0,9.984596155429708,1.0
C4,1.7,5,0.00012080853418411252,0.0,0.00012080853418411252,-1.0
C1,1.8,1,-121.72274374453127,0.0,121.72274374453127,1.0
C1,1.8,2,-50.00016353452462,0.0,50.00016353452462,1.0
C1,1.8,3,-24.12993477821183,0.0,24.12993477821183,1.0
C1,1.8,4,-3.3348761733078516,0.0,3.3348761733078516,1.0
C1,1.8,5,0.0,0.0,0.0,1.0
C2,1.8,1,-114.34702261777335,0.0,114.34702261777335,1.0
C2,1.8,2,-50.00192057448593,0.0,50.00192057448593,1.0
C2,1.8,3,-28.824192921203252,0.0,28.824192921203252,1.0
C2,1.8,4,-6.011671734067663,0.0,6.011671734067663,1.0
C2,1.8,5,0.0,0.0,0.0,1.0
C3,1.8,1,-116.48887255528011,0.0,116.48887255528011,1.0
C3,1.8,2,-50.00202271944783,0.0,50.00202271944783,1.0
C3,1.8,3,-25.72321415328792,0.0,25.72321415328792,1.0
C3,1.8,4,-6.982339951696859,0.0,6.982339951696859,1.0
C3,1.8,5,0.0,0.0,0.0,1.0
C4,1.8,1,-55.61680504554772,0.0,55.61680504554772,1.0
C4,1.8,2,-50.00448597668669,0.0,50.00448597668669,1.0
C4,1.8,3,-40.00533642800267,0.0,40.00533642800267,1.0
C4,1.8,4,-9.915998757141288,0.0,9.915998757141288,1.0
C4,1.8,5,0.00011524731791064322,0.0,0.00011524731791064322,-1.0
C1,1.9,1,-112.15177119617792,0.0,112.15177119617792,1.0
C1,1.9,2,-50.000172002611386,0.0,50.000172002611386,1.0
C1,1.9,3,-24.54655811533109,0.0,24.54655811533109,1.0
C1,1.9,4,-3.2906777416513986,0.0,3.2906777416513986,1.0
C1,1.9,5,0.0,0.0,0.0,1.0
C2,1.9,1,-99.1320077979385,0.0,99.1320077979385,1.0
C2,1.9,2,-50.00335785956994,0.0,50.00335785956994,1.0
C2,1.9,3,-34.71773087382805,0.0,34.71773087382805,1.0
C2,1.9,4,-6.133172141389596,0.0,6.133172141389596,1.0
C2,1.9,5,0.0,0.0,0.0,1.0
C3,1.9,1,-105.94767434997924,0.0,105.94767434997924,1.0
C3,1.9,2,-50.002235518910055,0.0,50.002235518910055,1.0
C3,1.9,3,-26.92050608131217,0.0,26.92050608131217,1.0
C3,1.9,4,-7.115852722524588,0.0,7.115852722524588,1.0
C3,1.9,5,0.0,0.0,0.0,1.0
C4,1.9,1,-49.99943611081823,0.0,49.99943611081823,1.0
C4,1.9,2,-46.28573106700621,-7.9437054959102245,46.96244624604832,0.9855902911126769
C4,1.9,3,-46.28573106700621,7.9437054959102245,46.96244624604832,0.9855902911126769
C4,1.9,4,-9.820413523667446,0.0,9.820413523667446,1.0
C4,1.9,5,0.00010900061061545781,0.0,0.00010900061061545781,-1.0
C1,2.0,1,-103.46407708009997,0.0,103.46407708009997,1.0
C1,2.0,2,-49.99946796299819,0.0,49.99946796299819,1.0
C1,2.0,3,-25.011999465412995,0.0,25.011999465412995,1.0
C1,2.0,4,-3.2447140655916185,0.0,3.2447140655916185,1.0
C1,2.0,5,0.0,0.0,0.0,1.0
C2,2.0,1,-79.46105218560461,0.0,79.46105218560461,1.0
C2,2.0,2,-49.94362777604452,0.0,49.94362777604452,1.0
C2,2.0,3,-47.132799587075596,0.0,47.132799587075596,1.0
C2,2.0,4,-5.179868642332536,0.0,5.179868642332536,1.0
C2,2.0,5,0.0,0.0,0.0,1.0
C3,2.0,1,-96.06258946621101,0.0,96.06258946621101,1.0
C3,2.0,2,-49.99232435579443,0.0,49.99232435579443,1.0
C3,2.0,3,-28.437208850894393,0.0,28.437208850894393,1.0
C3,2.0,4,-7.213583985974743,0.0,7.213583985974743,1.0
C3,2.0,5,0.0,0.0,0.0,1.0
C4,2.0,1,-49.99985104968381,0.0,49.99985104968381,1.0
C4,2.0,2,-44.83250073688835,-13.360277458963456,46.780873614155404,0.9583510796883131
C4,2.0,3,-44.83250073688835,13.360277458963456,46.780873614155404,0.9583510796883131
C4,2.0,4,-9.695959511322828,0.0,9.695959511322828,1.0
C4,2.0,5,0.00010245662208000365,0.0,0.00010245662208000365,-1.0
