param,value,mode_idx,real,imag,omega_n,damping,scheme
omega_dot_ref,3.141592653589793,1,-50.0000000000001,0.0,50.0000000000001,1.0,C1
omega_dot_ref,3.141592653589793,2,-33.963439563472086,-14.377089500149234,36.881105317993416,0.9208899589813033,C1
omega_dot_ref,3.141592653589793,3,-33.963439563472086,14.377089500149234,36.881105317993416,0.9208899589813033,C1
omega_dot_ref,3.141592653589793,4,-2.5731208730557498,0.0,2.5731208730557498,1.0,C1
omega_dot_ref,3.141592653589793,5,0.0,0.0,0.0,1.0,C1
omega_dot_ref,4.71238898038469,1,-50.0000000000001,0.0,50.0000000000001,1.0,C1
omega_dot_ref,4.71238898038469,2,-33.963439563472086,-14.377089500149234,36.881105317993416,0.9208899589813033,C1
omega_dot_ref,4.71238898038469,3,-33.963439563472086,14.377089500149234,36.881105317993416,0.9208899589813033,C1
omega_dot_ref,4.71238898038469,4,-2.5731208730557498,0.0,2.5731208730557498,1.0,C1
omega_dot_ref,4.71238898038469,5,0.0,0.0,0.0,1.0,C1
omega_dot_ref,6.283185307179586,1,-50.0000000000001,0.0,50.0000000000001,1.0,C1
omega_dot_ref,6.283185307179586,2,-33.963439563472086,-14.377089500149234,36.881105317993416,0.9208899589813033,C1
omega_dot_ref,6.283185307179586,3,-33.963439563472086,14.377089500149234,36.881105317993416,0.9208899589813033,C1
omega_dot_ref,6.283185307179586,4,-2.5731208730557498,0.0,2.5731208730557498,1.0,C1
omega_dot_ref,6.283185307179586,5,0.0,0.0,0.0,1.0,C1
omega_dot_ref,7.853981633974483,1,-50.0000000000001,0.0,50.0000000000001,1.0,C1
omega_dot_ref,7.853981633974483,2,-33.963439563472086,-14.377089500149234,36.881105317993416,0.9208899589813033,C1
omega_dot_ref,7.853981633974483,3,-33.963439563472086,14.377089500149234,36.881105317993416,0.9208899589813033,C1
omega_dot_ref,7.853981633974483,4,-2.5731208730557498,0.0,2.5731208730557498,1.0,C1
omega_dot_ref,7.853981633974483,5,0.0,0.0,0.0,1.0,C1
omega_dot_ref,9.42477796076938,1,-50.0000000000001,0.0,50.0000000000001,1.0,C1
omega_dot_ref,9.42477796076938,2,-33.963439563472086,-14.377089500149234,36.881105317993416,0.9208899589813033,C1
omega_dot_ref,9.42477796076938,3,-33.963439563472086,14.377089500149234,36.881105317993416,0.9208899589813033,C1
omega_dot_ref,9.42477796076938,4,-2.5731208730557498,0.0,2.5731208730557498,1.0,C1
omega_dot_ref,9.42477796076938,5,0.0,0.0,0.0,1.0,C1
omega_dot_ref,10.995574287564276,1,-50.0000000000001,0.0,50.0000000000001,1.0,C1
omega_dot_ref,10.995574287564276,2,-33.963439563472086,-14.377089500149234,36.881105317993416,0.9208899589813033,C1
omega_dot_ref,10.995574287564276,3,-33.963439563472086,14.377089500149234,36.881105317993416,0.9208899589813033,C1
omega_dot_ref,10.995574287564276,4,-2.5731208730557498,0.0,2.5731208730557498,1.0,C1
omega_dot_ref,10.995574287564276,5,0.0,0.0,0.0,1.0,C1
omega_dot_ref,12.566370614359172,1,-50.0000000000001,0.0,50.0000000000001,1.0,C1
omega_dot_ref,12.566370614359172,2,-33.963439563472086,-14.377089500149234,36.881105317993416,0.9208899589813033,C1
omega_dot_ref,12.566370614359172,3,-33.963439563472086,14.377089500149234,36.881105317993416,0.9208899589813033,C1
omega_dot_ref,12.566370614359172,4,-2.5731208730557498,0.0,2.5731208730557498,1.0,C1
omega_dot_ref,12.566370614359172,5,0.0,0.0,0.0,1.0,C1
omega_dot_ref,14.137166941154069,1,-50.0000000000001,0.0,50.0000000000001,1.0,C1
omega_dot_ref,14.137166941154069,2,-33.963439563472086,-14.377089500149234,36.881105317993416,0.9208899589813033,C1
omega_dot_ref,14.137166941154069,3,-33.963439563472086,14.377089500149234,36.881105317993416,0.9208899589813033,C1
omega_dot_ref,14.137166941154069,4,-2.5731208730557498,0.0,2.5731208730557498,1.0,C1
omega_dot_ref,14.137166941154069,5,0.0,0.0,0.0,1.0,C1
omega_dot_ref,15.707963267948966,1,-50.0000000000001,0.0,50.0000000000001,1.0,C1
omega_dot_ref,15.707963267948966,2,-33.963439563472086,-14.377089500149234,36.881105317993416,0.9208899589813033,C1
omega_dot_ref,15.707963267948966,3,-33.963439563472086,14.377089500149234,36.881105317993416,0.9208899589813033,C1
omega_dot_ref,15.707963267948966,4,-2.5731208730557498,0.0,2.5731208730557498,1.0,C1
omega_dot_ref,15.707963267948966,5,0.0,0.0,0.0,1.0,C1
omega_dot_ref,17.27875959474386,1,-50.0000000000001,0.0,50.0000000000001,1.0,C1
omega_dot_ref,17.27875959474386,2,-33.963439563472086,-14.377089500149234,36.881105317993416,0.9208899589813033,C1
omega_dot_ref,17.27875959474386,3,-33.963439563472086,14.377089500149234,36.881105317993416,0.9208899589813033,C1
omega_dot_ref,17.27875959474386,4,-2.5731208730557498,0.0,2.5731208730557498,1.0,C1
omega_dot_ref,17.27875959474386,5,0.0,0.0,0.0,1.0,C1
omega_dot_ref,18.84955592153876,1,-50.0000000000001,0.0,50.0000000000001,1.0,C1
omega_dot_ref,18.84955592153876,2,-33.963439563472086,-14.377089500149234,36.881105317993416,0.9208899589813033,C1
omega_dot_ref,18.84955592153876,3,-33.963439563472086,14.377089500149234,36.881105317993416,0.9208899589813033,C1
omega_dot_ref,18.84955592153876,4,-2.5731208730557498,0.0,2.5731208730557498,1.0,C1
omega_dot_ref,18.84955592153876,5,0.0,0.0,0.0,1.0,C1
omega_dot_ref,3.141592653589793,1,-50.000000000000014,0.0,50.000000000000014,1.0,C2
omega_dot_ref,3.141592653589793,2,-33.96343955633776,-14.37708959527279,36.8811053485048,0.9208899580260187,C2
omega_dot_ref,3.141592653589793,3,-33.96343955633776,14.37708959527279,36.8811053485048,0.9208899580260187,C2
omega_dot_ref,3.141592653589793,4,-2.5731208873244356,0.0,2.5731208873244356,1.0,C2
omega_dot_ref,3.141592653589793,5,0.0,0.0,0.0,1.0,C2
omega_dot_ref,4.71238898038469,1,-50.000000000000036,0.0,50.000000000000036,1.0,C2
omega_dot_ref,4.71238898038469,2,-33.963439555192636,-14.3770895558724,36.8811053320911,0.9208899584048058,C2
omega_dot_ref,4.71238898038469,3,-33.963439555192636,14.3770895558724,36.8811053320911,0.9208899584048058,C2
omega_dot_ref,4.71238898038469,4,-2.573120889614742,0.0,2.573120889614742,1.0,C2
omega_dot_ref,4.71238898038469,5,0.0,0.0,0.0,1.0,C2
omega_dot_ref,6.283185307179586,1,-50.00000000000012,0.0,50.00000000000012,1.0,C2
omega_dot_ref,6.283185307179586,2,-33.96343955462007,-14.377089536172212,36.881105323884256,0.9208899585941991,C2
omega_dot_ref,6.283185307179586,3,-33.96343955462007,14.377089536172212,36.881105323884256,0.9208899585941991,C2
omega_dot_ref,6.283185307179586,4,-2.5731208907598955,0.0,2.5731208907598955,1.0,C2
omega_dot_ref,6.283185307179586,5,0.0,0.0,0.0,1.0,C2
omega_dot_ref,7.853981633974483,1,-50.00000000000004,0.0,50.00000000000004,1.0,C2
omega_dot_ref,7.853981633974483,2,-33.96343955427649,-14.377089524352073,36.8811053189601,0.9208899587078352,C2
omega_dot_ref,7.853981633974483,3,-33.96343955427649,14.377089524352073,36.8811053189601,0.9208899587078352,C2
omega_dot_ref,7.853981633974483,4,-2.5731208914469903,0.0,2.5731208914469903,1.0,C2
omega_dot_ref,7.853981633974483,5,0.0,0.0,0.0,1.0,C2
omega_dot_ref,9.42477796076938,1,-50.0,0.0,50.0,1.0,C2
omega_dot_ref,9.42477796076938,2,-33.963439554047476,-14.377089516471973,36.88110531567736,0.920889958783593,C2
omega_dot_ref,9.42477796076938,3,-33.963439554047476,14.377089516471973,36.88110531567736,0.920889958783593,C2
omega_dot_ref,9.42477796076938,4,-2.573120891905056,0.0,2.573120891905056,1.0,C2
omega_dot_ref,9.42477796076938,5,0.0,0.0,0.0,1.0,C2
omega_dot_ref,10.995574287564276,1,-50.00000000000012,0.0,50.00000000000012,1.0,C2
omega_dot_ref,10.995574287564276,2,-33.96343955388387,-14.37708951084336,36.88110531333254,0.9208899588377052,C2
omega_dot_ref,10.995574287564276,3,-33.96343955388387,14.37708951084336,36.88110531333254,0.9208899588377052,C2
omega_dot_ref,10.995574287564276,4,-2.5731208922322324,0.0,2.5731208922322324,1.0,C2
omega_dot_ref,10.995574287564276,5,0.0,0.0,0.0,1.0,C2
omega_dot_ref,12.566370614359172,1,-50.0000000000001,0.0,50.0000000000001,1.0,C2
omega_dot_ref,12.566370614359172,2,-33.96343955376118,-14.377089506621871,36.88110531157392,0.9208899588782897,C2
omega_dot_ref,12.566370614359172,3,-33.96343955376118,14.377089506621871,36.88110531157392,0.9208899588782897,C2
omega_dot_ref,12.566370614359172,4,-2.5731208924776325,0.0,2.5731208924776325,1.0,C2
omega_dot_ref,12.566370614359172,5,0.0,0.0,0.0,1.0,C2
omega_dot_ref,14.137166941154069,1,-50.00000000000006,0.0,50.00000000000006,1.0,C2
omega_dot_ref,14.137166941154069,2,-33.96343955366573,-14.377089503338505,36.881105310206095,0.9208899589098551,C2
omega_dot_ref,14.137166941154069,3,-33.96343955366573,14.377089503338505,36.881105310206095,0.9208899589098551,C2
omega_dot_ref,14.137166941154069,4,-2.5731208926684914,0.0,2.5731208926684914,1.0,C2
omega_dot_ref,14.137166941154069,5,0.0,0.0,0.0,1.0,C2
omega_dot_ref,15.707963267948966,1,-50.00000000000017,0.0,50.00000000000017,1.0,C2
omega_dot_ref,15.707963267948966,2,-33.963439553589424,-14.377089500711838,36.88110530911189,0.9208899589351076,C2
omega_dot_ref,15.707963267948966,3,-33.963439553589424,14.377089500711838,36.88110530911189,0.9208899589351076,C2
omega_dot_ref,15.707963267948966,4,-2.57312089282118,0.0,2.57312089282118,1.0,C2
omega_dot_ref,15.707963267948966,5,0.0,0.0,0.0,1.0,C2
omega_dot_ref,17.27875959474386,1,-50.0000000000001,0.0,50.0000000000001,1.0,C2
omega_dot_ref,17.27875959474386,2,-33.963439553526925,-14.377089498562679,36.88110530821654,0.9208899589557691,C2
omega_dot_ref,17.27875959474386,3,-33.963439553526925,14.377089498562679,36.88110530821654,0.9208899589557691,C2
omega_dot_ref,17.27875959474386,4,-2.5731208929461005,0.0,2.5731208929461005,1.0,C2
omega_dot_ref,17.27875959474386,5,0.0,0.0,0.0,1.0,C2
omega_dot_ref,18.84955592153876,1,-50.00000000000008,0.0,50.00000000000008,1.0,C2
omega_dot_ref,18.84955592153876,2,-33.96343955347487,-14.377089496771758,36.88110530747046,0.9208899589729865,C2
omega_dot_ref,18.84955592153876,3,-33.96343955347487,14.377089496771758,36.88110530747046,0.9208899589729865,C2
omega_dot_ref,18.84955592153876,4,-2.573120893050209,0.0,2.573120893050209,1.0,C2
omega_dot_ref,18.84955592153876,5,0.0,0.0,0.0,1.0,C2
omega_dot_ref,3.141592653589793,1,-50.00000000000014,0.0,50.00000000000014,1.0,C3
omega_dot_ref,3.141592653589793,2,-33.96343954920346,-14.377089690396392,36.881105379016226,0.9208899570707336,C3
omega_dot_ref,3.141592653589793,3,-33.96343954920346,14.377089690396392,36.881105379016226,0.9208899570707336,C3
omega_dot_ref,3.141592653589793,4,-2.5731209015931285,0.0,2.5731209015931285,1.0,C3
omega_dot_ref,3.141592653589793,5,0.0,0.0,0.0,1.0,C3
omega_dot_ref,4.71238898038469,1,-50.00000000000013,0.0,50.00000000000013,1.0,C3
omega_dot_ref,4.71238898038469,2,-33.963439546913094,-14.377089611595537,36.8811053461887,0.920889957828308,C3
omega_dot_ref,4.71238898038469,3,-33.963439546913094,14.377089611595537,36.8811053461887,0.920889957828308,C3
omega_dot_ref,4.71238898038469,4,-2.5731209061737417,0.0,2.5731209061737417,1.0,C3
omega_dot_ref,4.71238898038469,5,0.0,0.0,0.0,1.0,C3
omega_dot_ref,6.283185307179586,1,-50.00000000000011,0.0,50.00000000000011,1.0,C3
omega_dot_ref,6.283185307179586,2,-33.963439545767955,-14.377089572195151,36.88110532977499,0.9208899582070948,C3
omega_dot_ref,6.283185307179586,3,-33.963439545767955,14.377089572195151,36.88110532977499,0.9208899582070948,C3
omega_dot_ref,6.283185307179586,4,-2.5731209084640554,0.0,2.5731209084640554,1.0,C3
omega_dot_ref,6.283185307179586,5,0.0,0.0,0.0,1.0,C3
omega_dot_ref,7.853981633974483,1,-50.00000000000008,0.0,50.00000000000008,1.0,C3
omega_dot_ref,7.853981633974483,2,-33.9634395450809,-14.377089548554931,36.881105319926796,0.920889958434367,C3
omega_dot_ref,7.853981633974483,3,-33.9634395450809,14.377089548554931,36.881105319926796,0.920889958434367,C3
omega_dot_ref,7.853981633974483,4,-2.573120909838231,0.0,2.573120909838231,1.0,C3
omega_dot_ref,7.853981633974483,5,0.0,0.0,0.0,1.0,C3
omega_dot_ref,9.42477796076938,1,-50.00000000000006,0.0,50.00000000000006,1.0,C3
omega_dot_ref,9.42477796076938,2,-33.9634395446228,-14.377089532794741,36.88110531336126,0.920889958585882,C3
omega_dot_ref,9.42477796076938,3,-33.9634395446228,14.377089532794741,36.88110531336126,0.920889958585882,C3
omega_dot_ref,9.42477796076938,4,-2.573120910754362,0.0,2.573120910754362,1.0,C3
omega_dot_ref,9.42477796076938,5,0.0,0.0,0.0,1.0,C3
omega_dot_ref,10.995574287564276,1,-50.0000000000001,0.0,50.0000000000001,1.0,C3
omega_dot_ref,10.995574287564276,2,-33.96343954429561,-14.37708952153746,36.88110530867161,0.9208899586941071,C3
omega_dot_ref,10.995574287564276,3,-33.96343954429561,14.37708952153746,36.88110530867161,0.9208899586941071,C3
omega_dot_ref,10.995574287564276,4,-2.5731209114087292,0.0,2.5731209114087292,1.0,C3
omega_dot_ref,10.995574287564276,5,0.0,0.0,0.0,1.0,C3
omega_dot_ref,12.566370614359172,1,-50.00000000000011,0.0,50.00000000000011,1.0,C3
omega_dot_ref,12.566370614359172,2,-33.96343954405024,-14.377089513094521,36.8811053051544,0.9208899587752758,C3
omega_dot_ref,12.566370614359172,3,-33.96343954405024,14.377089513094521,36.8811053051544,0.9208899587752758,C3
omega_dot_ref,12.566370614359172,4,-2.5731209118995153,0.0,2.5731209118995153,1.0,C3
omega_dot_ref,12.566370614359172,5,0.0,0.0,0.0,1.0,C3
omega_dot_ref,14.137166941154069,1,-50.000000000000085,0.0,50.000000000000085,1.0,C3
omega_dot_ref,14.137166941154069,2,-33.96343954385937,-14.377089506527772,36.88110530241877,0.920889958838407,C3
omega_dot_ref,14.137166941154069,3,-33.96343954385937,14.377089506527772,36.88110530241877,0.920889958838407,C3
omega_dot_ref,14.137166941154069,4,-2.573120912281226,0.0,2.573120912281226,1.0,C3
omega_dot_ref,14.137166941154069,5,0.0,0.0,0.0,1.0,C3
omega_dot_ref,15.707963267948966,1,-50.00000000000013,0.0,50.00000000000013,1.0,C3
omega_dot_ref,15.707963267948966,2,-33.963439543706656,-14.377089501274378,36.88110530023024,0.9208899588889119,C3
omega_dot_ref,15.707963267948966,3,-33.963439543706656,14.377089501274378,36.88110530023024,0.9208899588889119,C3
omega_dot_ref,15.707963267948966,4,-2.573120912586596,0.0,2.573120912586596,1.0,C3
omega_dot_ref,15.707963267948966,5,0.0,0.0,0.0,1.0,C3
omega_dot_ref,17.27875959474386,1,-50.00000000000008,0.0,50.00000000000008,1.0,C3
omega_dot_ref,17.27875959474386,2,-33.96343954358178,-14.37708949697617,36.8811052984397,0.9208899589302342,C3
omega_dot_ref,17.27875959474386,3,-33.96343954358178,14.37708949697617,36.8811052984397,0.9208899589302342,C3
omega_dot_ref,17.27875959474386,4,-2.5731209128364583,0.0,2.5731209128364583,1.0,C3
omega_dot_ref,17.27875959474386,5,0.0,0.0,0.0,1.0,C3
omega_dot_ref,18.84955592153876,1,-50.000000000000064,0.0,50.000000000000064,1.0,C3
omega_dot_ref,18.84955592153876,2,-33.9634395434777,-14.37708949339432,36.88110529694757,0.9208899589646694,C3
omega_dot_ref,18.84955592153876,3,-33.9634395434777,14.37708949339432,36.88110529694757,0.9208899589646694,C3
omega_dot_ref,18.84955592153876,4,-2.5731209130446615,0.0,2.5731209130446615,1.0,C3
omega_dot_ref,18.84955592153876,5,0.0,0.0,0.0,1.0,C3
omega_dot_ref,3.141592653589793,1,-50.00000000000014,0.0,50.00000000000014,1.0,C4
omega_dot_ref,3.141592653589793,2,-33.96343954920346,-14.377089690396392,36.881105379016226,0.9208899570707336,C4
omega_dot_ref,3.141592653589793,3,-33.96343954920346,14.377089690396392,36.881105379016226,0.9208899570707336,C4
omega_dot_ref,3.141592653589793,4,-2.5731209015931285,0.0,2.5731209015931285,1.0,C4
omega_dot_ref,3.141592653589793,5,0.0,0.0,0.0,1.0,C4
omega_dot_ref,4.71238898038469,1,-50.00000000000013,0.0,50.00000000000013,1.0,C4
omega_dot_ref,4.71238898038469,2,-33.963439546913094,-14.377089611595537,36.8811053461887,0.920889957828308,C4
omega_dot_ref,4.71238898038469,3,-33.963439546913094,14.377089611595537,36.8811053461887,0.920889957828308,C4
omega_dot_ref,4.71238898038469,4,-2.5731209061737417,0.0,2.5731209061737417,1.0,C4
omega_dot_ref,4.71238898038469,5,0.0,0.0,0.0,1.0,C4
omega_dot_ref,6.283185307179586,1,-50.00000000000011,0.0,50.00000000000011,1.0,C4
omega_dot_ref,6.283185307179586,2,-33.963439545767955,-14.377089572195151,36.88110532977499,0.9208899582070948,C4
omega_dot_ref,6.283185307179586,3,-33.963439545767955,14.377089572195151,36.88110532977499,0.9208899582070948,C4
omega_dot_ref,6.283185307179586,4,-2.5731209084640554,0.0,2.5731209084640554,1.0,C4
omega_dot_ref,6.283185307179586,5,0.0,0.0,0.0,1.0,C4
omega_dot_ref,7.853981633974483,1,-50.00000000000008,0.0,50.00000000000008,1.0,C4
omega_dot_ref,7.853981633974483,2,-33.9634395450809,-14.377089548554931,36.881105319926796,0.920889958434367,C4
omega_dot_ref,7.853981633974483,3,-33.9634395450809,14.377089548554931,36.881105319926796,0.920889958434367,C4
omega_dot_ref,7.853981633974483,4,-2.573120909838231,0.0,2.573120909838231,1.0,C4
omega_dot_ref,7.853981633974483,5,0.0,0.0,0.0,1.0,C4
omega_dot_ref,9.42477796076938,1,-50.00000000000006,0.0,50.00000000000006,1.0,C4
omega_dot_ref,9.42477796076938,2,-33.9634395446228,-14.377089532794741,36.88110531336126,0.920889958585882,C4
omega_dot_ref,9.42477796076938,3,-33.9634395446228,14.377089532794741,36.88110531336126,0.920889958585882,C4
omega_dot_ref,9.42477796076938,4,-2.573120910754362,0.0,2.573120910754362,1.0,C4
omega_dot_ref,9.42477796076938,5,0.0,0.0,0.0,1.0,C4
omega_dot_ref,10.995574287564276,1,-50.0000000000001,0.0,50.0000000000001,1.0,C4
omega_dot_ref,10.995574287564276,2,-33.96343954429561,-14.37708952153746,36.88110530867161,0.9208899586941071,C4
omega_dot_ref,10.995574287564276,3,-33.96343954429561,14.37708952153746,36.88110530867161,0.9208899586941071,C4
omega_dot_ref,10.995574287564276,4,-2.5731209114087292,0.0,2.5731209114087292,1.0,C4
omega_dot_ref,10.995574287564276,5,0.0,0.0,0.0,1.0,C4
omega_dot_ref,12.566370614359172,1,-50.00000000000011,0.0,50.00000000000011,1.0,C4
omega_dot_ref,12.566370614359172,2,-33.96343954405024,-14.377089513094521,36.8811053051544,0.9208899587752758,C4
omega_dot_ref,12.566370614359172,3,-33.96343954405024,14.377089513094521,36.8811053051544,0.9208899587752758,C4
omega_dot_ref,12.566370614359172,4,-2.5731209118995153,0.0,2.5731209118995153,1.0,C4
omega_dot_ref,12.566370614359172,5,0.0,0.0,0.0,1.0,C4
omega_dot_ref,14.137166941154069,1,-50.000000000000085,0.0,50.000000000000085,1.0,C4
omega_dot_ref,14.137166941154069,2,-33.96343954385937,-14.377089506527772,36.88110530241877,0.920889958838407,C4
omega_dot_ref,14.137166941154069,3,-33.96343954385937,14.377089506527772,36.88110530241877,0.920889958838407,C4
omega_dot_ref,14.137166941154069,4,-2.573120912281226,0.0,2.573120912281226,1.0,C4
omega_dot_ref,14.137166941154069,5,0.0,0.0,0.0,1.0,C4
omega_dot_ref,15.707963267948966,1,-50.00000000000013,0.0,50.00000000000013,1.0,C4
omega_dot_ref,15.707963267948966,2,-33.963439543706656,-14.377089501274378,36.88110530023024,0.9208899588889119,C4
omega_dot_ref,15.707963267948966,3,-33.963439543706656,14.377089501274378,36.88110530023024,0.9208899588889119,C4
omega_dot_ref,15.707963267948966,4,-2.573120912586596,0.0,2.573120912586596,1.0,C4
omega_dot_ref,15.707963267948966,5,0.0,0.0,0.0,1.0,C4
omega_dot_ref,17.27875959474386,1,-50.00000000000008,0.0,50.00000000000008,1.0,C4
omega_dot_ref,17.27875959474386,2,-33.96343954358178,-14.37708949697617,36.8811052984397,0.9208899589302342,C4
omega_dot_ref,17.27875959474386,3,-33.96343954358178,14.37708949697617,36.8811052984397,0.9208899589302342,C4
omega_dot_ref,17.27875959474386,4,-2.5731209128364583,0.0,2.5731209128364583,1.0,C4
omega_dot_ref,17.27875959474386,5,0.0,0.0,0.0,1.0,C4
omega_dot_ref,18.84955592153876,1,-50.000000000000064,0.0,50.000000000000064,1.0,C4
omega_dot_ref,18.84955592153876,2,-33.9634395434777,-14.37708949339432,36.88110529694757,0.9208899589646694,C4
omega_dot_ref,18.84955592153876,3,-33.9634395434777,14.37708949339432,36.88110529694757,0.9208899589646694,C4
omega_dot_ref,18.84955592153876,4,-2.5731209130446615,0.0,2.5731209130446615,1.0,C4
omega_dot_ref,18.84955592153876,5,0.0,0.0,0.0,1.0,C4
k_alpha,2.0,1,-50.0000000000001,0.0,50.0000000000001,1.0,C1
k_alpha,2.0,2,-33.963439563472086,-14.377089500149234,36.881105317993416,0.9208899589813033,C1
k_alpha,2.0,3,-33.963439563472086,14.377089500149234,36.881105317993416,0.9208899589813033,C1
k_alpha,2.0,4,-2.5731208730557498,0.0,2.5731208730557498,1.0,C1
k_alpha,2.0,5,0.0,0.0,0.0,1.0,C1
k_alpha,3.0,1,-50.0000000000001,0.0,50.0000000000001,1.0,C1
k_alpha,3.0,2,-33.963439563472086,-14.377089500149234,36.881105317993416,0.9208899589813033,C1
k_alpha,3.0,3,-33.963439563472086,14.377089500149234,36.881105317993416,0.9208899589813033,C1
k_alpha,3.0,4,-2.5731208730557498,0.0,2.5731208730557498,1.0,C1
k_alpha,3.0,5,0.0,0.0,0.0,1.0,C1
k_alpha,4.0,1,-50.0000000000001,0.0,50.0000000000001,1.0,C1
k_alpha,4.0,2,-33.963439563472086,-14.377089500149234,36.881105317993416,0.9208899589813033,C1
k_alpha,4.0,3,-33.963439563472086,14.377089500149234,36.881105317993416,0.9208899589813033,C1
k_alpha,4.0,4,-2.5731208730557498,0.0,2.5731208730557498,1.0,C1
k_alpha,4.0,5,0.0,0.0,0.0,1.0,C1
k_alpha,5.0,1,-50.0000000000001,0.0,50.0000000000001,1.0,C1
k_alpha,5.0,2,-33.963439563472086,-14.377089500149234,36.881105317993416,0.9208899589813033,C1
k_alpha,5.0,3,-33.963439563472086,14.377089500149234,36.881105317993416,0.9208899589813033,C1
k_alpha,5.0,4,-2.5731208730557498,0.0,2.5731208730557498,1.0,C1
k_alpha,5.0,5,0.0,0.0,0.0,1.0,C1
k_alpha,6.0,1,-50.0000000000001,0.0,50.0000000000001,1.0,C1
k_alpha,6.0,2,-33.963439563472086,-14.377089500149234,36.881105317993416,0.9208899589813033,C1
k_alpha,6.0,3,-33.963439563472086,14.377089500149234,36.881105317993416,0.9208899589813033,C1
k_alpha,6.0,4,-2.5731208730557498,0.0,2.5731208730557498,1.0,C1
k_alpha,6.0,5,0.0,0.0,0.0,1.0,C1
k_alpha,7.0,1,-50.0000000000001,0.0,50.0000000000001,1.0,C1
k_alpha,7.0,2,-33.963439563472086,-14.377089500149234,36.881105317993416,0.9208899589813033,C1
k_alpha,7.0,3,-33.963439563472086,14.377089500149234,36.881105317993416,0.9208899589813033,C1
k_alpha,7.0,4,-2.5731208730557498,0.0,2.5731208730557498,1.0,C1
k_alpha,7.0,5,0.0,0.0,0.0,1.0,C1
k_alpha,8.0,1,-50.0000000000001,0.0,50.0000000000001,1.0,C1
k_alpha,8.0,2,-33.963439563472086,-14.377089500149234,36.881105317993416,0.9208899589813033,C1
k_alpha,8.0,3,-33.963439563472086,14.377089500149234,36.881105317993416,0.9208899589813033,C1
k_alpha,8.0,4,-2.5731208730557498,0.0,2.5731208730557498,1.0,C1
k_alpha,8.0,5,0.0,0.0,0.0,1.0,C1
k_alpha,9.0,1,-50.0000000000001,0.0,50.0000000000001,1.0,C1
k_alpha,9.0,2,-33.963439563472086,-14.377089500149234,36.881105317993416,0.9208899589813033,C1
k_alpha,9.0,3,-33.963439563472086,14.377089500149234,36.881105317993416,0.9208899589813033,C1
k_alpha,9.0,4,-2.5731208730557498,0.0,2.5731208730557498,1.0,C1
k_alpha,9.0,5,0.0,0.0,0.0,1.0,C1
k_alpha,10.0,1,-50.0000000000001,0.0,50.0000000000001,1.0,C1
k_alpha,10.0,2,-33.963439563472086,-14.377089500149234,36.881105317993416,0.9208899589813033,C1
k_alpha,10.0,3,-33.963439563472086,14.377089500149234,36.881105317993416,0.9208899589813033,C1
k_alpha,10.0,4,-2.5731208730557498,0.0,2.5731208730557498,1.0,C1
k_alpha,10.0,5,0.0,0.0,0.0,1.0,C1
k_alpha,2.0,1,-50.00000000000012,0.0,50.00000000000012,1.0,C2
k_alpha,2.0,2,-33.96343955462007,-14.377089536172212,36.881105323884256,0.9208899585941991,C2
k_alpha,2.0,3,-33.96343955462007,14.377089536172212,36.881105323884256,0.9208899585941991,C2
k_alpha,2.0,4,-2.5731208907598955,0.0,2.5731208907598955,1.0,C2
k_alpha,2.0,5,0.0,0.0,0.0,1.0,C2
k_alpha,3.0,1,-50.00000000000012,0.0,50.00000000000012,1.0,C2
k_alpha,3.0,2,-33.96343955462007,-14.377089536172212,36.881105323884256,0.9208899585941991,C2
k_alpha,3.0,3,-33.96343955462007,14.377089536172212,36.881105323884256,0.9208899585941991,C2
k_alpha,3.0,4,-2.5731208907598955,0.0,2.5731208907598955,1.0,C2
k_alpha,3.0,5,0.0,0.0,0.0,1.0,C2
k_alpha,4.0,1,-50.00000000000012,0.0,50.00000000000012,1.0,C2
k_alpha,4.0,2,-33.96343955462007,-14.377089536172212,36.881105323884256,0.9208899585941991,C2
k_alpha,4.0,3,-33.96343955462007,14.377089536172212,36.881105323884256,0.9208899585941991,C2
k_alpha,4.0,4,-2.5731208907598955,0.0,2.5731208907598955,1.0,C2
k_alpha,4.0,5,0.0,0.0,0.0,1.0,C2
k_alpha,5.0,1,-50.00000000000012,0.0,50.00000000000012,1.0,C2
k_alpha,5.0,2,-33.96343955462007,-14.377089536172212,36.881105323884256,0.9208899585941991,C2
k_alpha,5.0,3,-33.96343955462007,14.377089536172212,36.881105323884256,0.9208899585941991,C2
k_alpha,5.0,4,-2.5731208907598955,0.0,2.5731208907598955,1.0,C2
k_alpha,5.0,5,0.0,0.0,0.0,1.0,C2
k_alpha,6.0,1,-50.00000000000012,0.0,50.00000000000012,1.0,C2
k_alpha,6.0,2,-33.96343955462007,-14.377089536172212,36.881105323884256,0.9208899585941991,C2
k_alpha,6.0,3,-33.96343955462007,14.377089536172212,36.881105323884256,0.9208899585941991,C2
k_alpha,6.0,4,-2.5731208907598955,0.0,2.5731208907598955,1.0,C2
k_alpha,6.0,5,0.0,0.0,0.0,1.0,C2
k_alpha,7.0,1,-50.00000000000012,0.0,50.00000000000012,1.0,C2
k_alpha,7.0,2,-33.96343955462007,-14.377089536172212,36.881105323884256,0.9208899585941991,C2
k_alpha,7.0,3,-33.96343955462007,14.377089536172212,36.881105323884256,0.9208899585941991,C2
k_alpha,7.0,4,-2.5731208907598955,0.0,2.5731208907598955,1.0,C2
k_alpha,7.0,5,0.0,0.0,0.0,1.0,C2
k_alpha,8.0,1,-50.00000000000012,0.0,50.00000000000012,1.0,C2
k_alpha,8.0,2,-33.96343955462007,-14.377089536172212,36.881105323884256,0.9208899585941991,C2
k_alpha,8.0,3,-33.96343955462007,14.377089536172212,36.881105323884256,0.9208899585941991,C2
k_alpha,8.0,4,-2.5731208907598955,0.0,2.5731208907598955,1.0,C2
k_alpha,8.0,5,0.0,0.0,0.0,1.0,C2
k_alpha,9.0,1,-50.00000000000012,0.0,50.00000000000012,1.0,C2
k_alpha,9.0,2,-33.96343955462007,-14.377089536172212,36.881105323884256,0.9208899585941991,C2
k_alpha,9.0,3,-33.96343955462007,14.377089536172212,36.881105323884256,0.9208899585941991,C2
k_alpha,9.0,4,-2.5731208907598955,0.0,2.5731208907598955,1.0,C2
k_alpha,9.0,5,0.0,0.0,0.0,1.0,C2
k_alpha,10.0,1,-50.00000000000012,0.0,50.00000000000012,1.0,C2
k_alpha,10.0,2,-33.96343955462007,-14.377089536172212,36.881105323884256,0.9208899585941991,C2
k_alpha,10.0,3,-33.96343955462007,14.377089536172212,36.881105323884256,0.9208899585941991,C2
k_alpha,10.0,4,-2.5731208907598955,0.0,2.5731208907598955,1.0,C2
k_alpha,10.0,5,0.0,0.0,0.0,1.0,C2
k_alpha,2.0,1,-50.00000000000011,0.0,50.00000000000011,1.0,C3
k_alpha,2.0,2,-33.963439545767955,-14.377089572195151,36.88110532977499,0.9208899582070948,C3
k_alpha,2.0,3,-33.963439545767955,14.377089572195151,36.88110532977499,0.9208899582070948,C3
k_alpha,2.0,4,-2.5731209084640554,0.0,2.5731209084640554,1.0,C3
k_alpha,2.0,5,0.0,0.0,0.0,1.0,C3
k_alpha,3.0,1,-50.00000000000011,0.0,50.00000000000011,1.0,C3
k_alpha,3.0,2,-33.963439545767955,-14.377089572195151,36.88110532977499,0.9208899582070948,C3
k_alpha,3.0,3,-33.963439545767955,14.377089572195151,36.88110532977499,0.9208899582070948,C3
k_alpha,3.0,4,-2.5731209084640554,0.0,2.5731209084640554,1.0,C3
k_alpha,3.0,5,0.0,0.0,0.0,1.0,C3
k_alpha,4.0,1,-50.00000000000011,0.0,50.00000000000011,1.0,C3
k_alpha,4.0,2,-33.963439545767955,-14.377089572195151,36.88110532977499,0.9208899582070948,C3
k_alpha,4.0,3,-33.963439545767955,14.377089572195151,36.88110532977499,0.9208899582070948,C3
k_alpha,4.0,4,-2.5731209084640554,0.0,2.5731209084640554,1.0,C3
k_alpha,4.0,5,0.0,0.0,0.0,1.0,C3
k_alpha,5.0,1,-50.00000000000011,0.0,50.00000000000011,1.0,C3
k_alpha,5.0,2,-33.963439545767955,-14.377089572195151,36.88110532977499,0.9208899582070948,C3
k_alpha,5.0,3,-33.963439545767955,14.377089572195151,36.88110532977499,0.9208899582070948,C3
k_alpha,5.0,4,-2.5731209084640554,0.0,2.5731209084640554,1.0,C3
k_alpha,5.0,5,0.0,0.0,0.0,1.0,C3
k_alpha,6.0,1,-50.00000000000011,0.0,50.00000000000011,1.0,C3
k_alpha,6.0,2,-33.963439545767955,-14.377089572195151,36.88110532977499,0.9208899582070948,C3
k_alpha,6.0,3,-33.963439545767955,14.377089572195151,36.88110532977499,0.9208899582070948,C3
k_alpha,6.0,4,-2.5731209084640554,0.0,2.5731209084640554,1.0,C3
k_alpha,6.0,5,0.0,0.0,0.0,1.0,C3
k_alpha,7.0,1,-50.00000000000011,0.0,50.00000000000011,1.0,C3
k_alpha,7.0,2,-33.963439545767955,-14.377089572195151,36.88110532977499,0.9208899582070948,C3
k_alpha,7.0,3,-33.963439545767955,14.377089572195151,36.88110532977499,0.9208899582070948,C3
k_alpha,7.0,4,-2.5731209084640554,0.0,2.5731209084640554,1.0,C3
k_alpha,7.0,5,0.0,0.0,0.0,1.0,C3
k_alpha,8.0,1,-50.00000000000011,0.0,50.00000000000011,1.0,C3
k_alpha,8.0,2,-33.963439545767955,-14.377089572195151,36.88110532977499,0.9208899582070948,C3
k_alpha,8.0,3,-33.963439545767955,14.377089572195151,36.88110532977499,0.9208899582070948,C3
k_alpha,8.0,4,-2.5731209084640554,0.0,2.5731209084640554,1.0,C3
k_alpha,8.0,5,0.0,0.0,0.0,1.0,C3
k_alpha,9.0,1,-50.00000000000011,0.0,50.00000000000011,1.0,C3
k_alpha,9.0,2,-33.963439545767955,-14.377089572195151,36.88110532977499,0.9208899582070948,C3
k_alpha,9.0,3,-33.963439545767955,14.377089572195151,36.88110532977499,0.9208899582070948,C3
k_alpha,9.0,4,-2.5731209084640554,0.0,2.5731209084640554,1.0,C3
k_alpha,9.0,5,0.0,0.0,0.0,1.0,C3
k_alpha,10.0,1,-50.00000000000011,0.0,50.00000000000011,1.0,C3
k_alpha,10.0,2,-33.963439545767955,-14.377089572195151,36.88110532977499,0.9208899582070948,C3
k_alpha,10.0,3,-33.963439545767955,14.377089572195151,36.88110532977499,0.9208899582070948,C3
k_alpha,10.0,4,-2.5731209084640554,0.0,2.5731209084640554,1.0,C3
k_alpha,10.0,5,0.0,0.0,0.0,1.0,C3
k_alpha,2.0,1,-50.00000000000011,0.0,50.00000000000011,1.0,C4
k_alpha,2.0,2,-33.963439545767955,-14.377089572195151,36.88110532977499,0.9208899582070948,C4
k_alpha,2.0,3,-33.963439545767955,14.377089572195151,36.88110532977499,0.9208899582070948,C4
k_alpha,2.0,4,-2.5731209084640554,0.0,2.5731209084640554,1.0,C4
k_alpha,2.0,5,0.0,0.0,0.0,1.0,C4
k_alpha,3.0,1,-50.00000000000011,0.0,50.00000000000011,1.0,C4
k_alpha,3.0,2,-33.963439545767955,-14.377089572195151,36.88110532977499,0.9208899582070948,C4
k_alpha,3.0,3,-33.963439545767955,14.377089572195151,36.88110532977499,0.9208899582070948,C4
k_alpha,3.0,4,-2.5731209084640554,0.0,2.5731209084640554,1.0,C4
k_alpha,3.0,5,0.0,0.0,0.0,1.0,C4
k_alpha,4.0,1,-50.00000000000011,0.0,50.00000000000011,1.0,C4
k_alpha,4.0,2,-33.963439545767955,-14.377089572195151,36.88110532977499,0.9208899582070948,C4
k_alpha,4.0,3,-33.963439545767955,14.377089572195151,36.88110532977499,0.9208899582070948,C4
k_alpha,4.0,4,-2.5731209084640554,0.0,2.5731209084640554,1.0,C4
k_alpha,4.0,5,0.0,0.0,0.0,1.0,C4
k_alpha,5.0,1,-50.00000000000011,0.0,50.00000000000011,1.0,C4
k_alpha,5.0,2,-33.963439545767955,-14.377089572195151,36.88110532977499,0.9208899582070948,C4
k_alpha,5.0,3,-33.963439545767955,14.377089572195151,36.88110532977499,0.9208899582070948,C4
k_alpha,5.0,4,-2.5731209084640554,0.0,2.5731209084640554,1.0,C4
k_alpha,5.0,5,0.0,0.0,0.0,1.0,C4
k_alpha,6.0,1,-50.00000000000011,0.0,50.00000000000011,1.0,C4
k_alpha,6.0,2,-33.963439545767955,-14.377089572195151,36.88110532977499,0.9208899582070948,C4
k_alpha,6.0,3,-33.963439545767955,14.377089572195151,36.88110532977499,0.9208899582070948,C4
k_alpha,6.0,4,-2.5731209084640554,0.0,2.5731209084640554,1.0,C4
k_alpha,6.0,5,0.0,0.0,0.0,1.0,C4
k_alpha,7.0,1,-50.00000000000011,0.0,50.00000000000011,1.0,C4
k_alpha,7.0,2,-33.963439545767955,-14.377089572195151,36.88110532977499,0.9208899582070948,C4
k_alpha,7.0,3,-33.963439545767955,14.377089572195151,36.88110532977499,0.9208899582070948,C4
k_alpha,7.0,4,-2.5731209084640554,0.0,2.5731209084640554,1.0,C4
k_alpha,7.0,5,0.0,0.0,0.0,1.0,C4
k_alpha,8.0,1,-50.00000000000011,0.0,50.00000000000011,1.0,C4
k_alpha,8.0,2,-33.963439545767955,-14.377089572195151,36.88110532977499,0.9208899582070948,C4
k_alpha,8.0,3,-33.963439545767955,14.377089572195151,36.88110532977499,0.9208899582070948,C4
k_alpha,8.0,4,-2.5731209084640554,0.0,2.5731209084640554,1.0,C4
k_alpha,8.0,5,0.0,0.0,0.0,1.0,C4
k_alpha,9.0,1,-50.00000000000011,0.0,50.00000000000011,1.0,C4
k_alpha,9.0,2,-33.963439545767955,-14.377089572195151,36.88110532977499,0.9208899582070948,C4
k_alpha,9.0,3,-33.963439545767955,14.377089572195151,36.88110532977499,0.9208899582070948,C4
k_alpha,9.0,4,-2.5731209084640554,0.0,2.5731209084640554,1.0,C4
k_alpha,9.0,5,0.0,0.0,0.0,1.0,C4
k_alpha,10.0,1,-50.00000000000011,0.0,50.00000000000011,1.0,C4
k_alpha,10.0,2,-33.963439545767955,-14.377089572195151,36.88110532977499,0.9208899582070948,C4
k_alpha,10.0,3,-33.963439545767955,14.377089572195151,36.88110532977499,0.9208899582070948,C4
k_alpha,10.0,4,-2.5731209084640554,0.0,2.5731209084640554,1.0,C4
k_alpha,10.0,5,0.0,0.0,0.0,1.0,C4
beta_max,0.1,1,-50.0000000000001,0.0,50.0000000000001,1.0,C1
beta_max,0.1,2,-33.963439563472086,-14.377089500149234,36.881105317993416,0.9208899589813033,C1
beta_max,0.1,3,-33.963439563472086,14.377089500149234,36.881105317993416,0.9208899589813033,C1
beta_max,0.1,4,-2.5731208730557498,0.0,2.5731208730557498,1.0,C1
beta_max,0.1,5,0.0,0.0,0.0,1.0,C1
beta_max,0.15,1,-50.0000000000001,0.0,50.0000000000001,1.0,C1
beta_max,0.15,2,-33.963439563472086,-14.377089500149234,36.881105317993416,0.9208899589813033,C1
beta_max,0.15,3,-33.963439563472086,14.377089500149234,36.881105317993416,0.9208899589813033,C1
beta_max,0.15,4,-2.5731208730557498,0.0,2.5731208730557498,1.0,C1
beta_max,0.15,5,0.0,0.0,0.0,1.0,C1
beta_max,0.2,1,-50.0000000000001,0.0,50.0000000000001,1.0,C1
beta_max,0.2,2,-33.963439563472086,-14.377089500149234,36.881105317993416,0.9208899589813033,C1
beta_max,0.2,3,-33.963439563472086,14.377089500149234,36.881105317993416,0.9208899589813033,C1
beta_max,0.2,4,-2.5731208730557498,0.0,2.5731208730557498,1.0,C1
beta_max,0.2,5,0.0,0.0,0.0,1.0,C1
beta_max,0.25,1,-50.0000000000001,0.0,50.0000000000001,1.0,C1
beta_max,0.25,2,-33.963439563472086,-14.377089500149234,36.881105317993416,0.9208899589813033,C1
beta_max,0.25,3,-33.963439563472086,14.377089500149234,36.881105317993416,0.9208899589813033,C1
beta_max,0.25,4,-2.5731208730557498,0.0,2.5731208730557498,1.0,C1
beta_max,0.25,5,0.0,0.0,0.0,1.0,C1
beta_max,0.3,1,-50.0000000000001,0.0,50.0000000000001,1.0,C1
beta_max,0.3,2,-33.963439563472086,-14.377089500149234,36.881105317993416,0.9208899589813033,C1
beta_max,0.3,3,-33.963439563472086,14.377089500149234,36.881105317993416,0.9208899589813033,C1
beta_max,0.3,4,-2.5731208730557498,0.0,2.5731208730557498,1.0,C1
beta_max,0.3,5,0.0,0.0,0.0,1.0,C1
beta_max,0.35,1,-50.0000000000001,0.0,50.0000000000001,1.0,C1
beta_max,0.35,2,-33.963439563472086,-14.377089500149234,36.881105317993416,0.9208899589813033,C1
beta_max,0.35,3,-33.963439563472086,14.377089500149234,36.881105317993416,0.9208899589813033,C1
beta_max,0.35,4,-2.5731208730557498,0.0,2.5731208730557498,1.0,C1
beta_max,0.35,5,0.0,0.0,0.0,1.0,C1
beta_max,0.4,1,-50.0000000000001,0.0,50.0000000000001,1.0,C1
beta_max,0.4,2,-33.963439563472086,-14.377089500149234,36.881105317993416,0.9208899589813033,C1
beta_max,0.4,3,-33.963439563472086,14.377089500149234,36.881105317993416,0.9208899589813033,C1
beta_max,0.4,4,-2.5731208730557498,0.0,2.5731208730557498,1.0,C1
beta_max,0.4,5,0.0,0.0,0.0,1.0,C1
beta_max,0.45,1,-50.0000000000001,0.0,50.0000000000001,1.0,C1
beta_max,0.45,2,-33.963439563472086,-14.377089500149234,36.881105317993416,0.9208899589813033,C1
beta_max,0.45,3,-33.963439563472086,14.377089500149234,36.881105317993416,0.9208899589813033,C1
beta_max,0.45,4,-2.5731208730557498,0.0,2.5731208730557498,1.0,C1
beta_max,0.45,5,0.0,0.0,0.0,1.0,C1
beta_max,0.5,1,-50.0000000000001,0.0,50.0000000000001,1.0,C1
beta_max,0.5,2,-33.963439563472086,-14.377089500149234,36.881105317993416,0.9208899589813033,C1
beta_max,0.5,3,-33.963439563472086,14.377089500149234,36.881105317993416,0.9208899589813033,C1
beta_max,0.5,4,-2.5731208730557498,0.0,2.5731208730557498,1.0,C1
beta_max,0.5,5,0.0,0.0,0.0,1.0,C1
beta_max,0.55,1,-50.0000000000001,0.0,50.0000000000001,1.0,C1
beta_max,0.55,2,-33.963439563472086,-14.377089500149234,36.881105317993416,0.9208899589813033,C1
beta_max,0.55,3,-33.963439563472086,14.377089500149234,36.881105317993416,0.9208899589813033,C1
beta_max,0.55,4,-2.5731208730557498,0.0,2.5731208730557498,1.0,C1
beta_max,0.55,5,0.0,0.0,0.0,1.0,C1
beta_max,0.6,1,-50.0000000000001,0.0,50.0000000000001,1.0,C1
beta_max,0.6,2,-33.963439563472086,-14.377089500149234,36.881105317993416,0.9208899589813033,C1
beta_max,0.6,3,-33.963439563472086,14.377089500149234,36.881105317993416,0.9208899589813033,C1
beta_max,0.6,4,-2.5731208730557498,0.0,2.5731208730557498,1.0,C1
beta_max,0.6,5,0.0,0.0,0.0,1.0,C1
beta_max,0.65,1,-50.0000000000001,0.0,50.0000000000001,1.0,C1
beta_max,0.65,2,-33.963439563472086,-14.377089500149234,36.881105317993416,0.9208899589813033,C1
beta_max,0.65,3,-33.963439563472086,14.377089500149234,36.881105317993416,0.9208899589813033,C1
beta_max,0.65,4,-2.5731208730557498,0.0,2.5731208730557498,1.0,C1
beta_max,0.65,5,0.0,0.0,0.0,1.0,C1
beta_max,0.7,1,-50.0000000000001,0.0,50.0000000000001,1.0,C1
beta_max,0.7,2,-33.963439563472086,-14.377089500149234,36.881105317993416,0.9208899589813033,C1
beta_max,0.7,3,-33.963439563472086,14.377089500149234,36.881105317993416,0.9208899589813033,C1
beta_max,0.7,4,-2.5731208730557498,0.0,2.5731208730557498,1.0,C1
beta_max,0.7,5,0.0,0.0,0.0,1.0,C1
beta_max,0.75,1,-50.0000000000001,0.0,50.0000000000001,1.0,C1
beta_max,0.75,2,-33.963439563472086,-14.377089500149234,36.881105317993416,0.9208899589813033,C1
beta_max,0.75,3,-33.963439563472086,14.377089500149234,36.881105317993416,0.9208899589813033,C1
beta_max,0.75,4,-2.5731208730557498,0.0,2.5731208730557498,1.0,C1
beta_max,0.75,5,0.0,0.0,0.0,1.0,C1
beta_max,0.8,1,-50.0000000000001,0.0,50.0000000000001,1.0,C1
beta_max,0.8,2,-33.963439563472086,-14.377089500149234,36.881105317993416,0.9208899589813033,C1
beta_max,0.8,3,-33.963439563472086,14.377089500149234,36.881105317993416,0.9208899589813033,C1
beta_max,0.8,4,-2.5731208730557498,0.0,2.5731208730557498,1.0,C1
beta_max,0.8,5,0.0,0.0,0.0,1.0,C1
beta_max,0.85,1,-50.0000000000001,0.0,50.0000000000001,1.0,C1
beta_max,0.85,2,-33.963439563472086,-14.377089500149234,36.881105317993416,0.9208899589813033,C1
beta_max,0.85,3,-33.963439563472086,14.377089500149234,36.881105317993416,0.9208899589813033,C1
beta_max,0.85,4,-2.5731208730557498,0.0,2.5731208730557498,1.0,C1
beta_max,0.85,5,0.0,0.0,0.0,1.0,C1
beta_max,0.9,1,-50.0000000000001,0.0,50.0000000000001,1.0,C1
beta_max,0.9,2,-33.963439563472086,-14.377089500149234,36.881105317993416,0.9208899589813033,C1
beta_max,0.9,3,-33.963439563472086,14.377089500149234,36.881105317993416,0.9208899589813033,C1
beta_max,0.9,4,-2.5731208730557498,0.0,2.5731208730557498,1.0,C1
beta_max,0.9,5,0.0,0.0,0.0,1.0,C1
beta_max,0.95,1,-50.0000000000001,0.0,50.0000000000001,1.0,C1
beta_max,0.95,2,-33.963439563472086,-14.377089500149234,36.881105317993416,0.9208899589813033,C1
beta_max,0.95,3,-33.963439563472086,14.377089500149234,36.881105317993416,0.9208899589813033,C1
beta_max,0.95,4,-2.5731208730557498,0.0,2.5731208730557498,1.0,C1
beta_max,0.95,5,0.0,0.0,0.0,1.0,C1
beta_max,1.0,1,-50.0000000000001,0.0,50.0000000000001,1.0,C1
beta_max,1.0,2,-33.963439563472086,-14.377089500149234,36.881105317993416,0.9208899589813033,C1
beta_max,1.0,3,-33.963439563472086,14.377089500149234,36.881105317993416,0.9208899589813033,C1
beta_max,1.0,4,-2.5731208730557498,0.0,2.5731208730557498,1.0,C1
beta_max,1.0,5,0.0,0.0,0.0,1.0,C1
beta_max,0.1,1,-50.00000000000012,0.0,50.00000000000012,1.0,C2
beta_max,0.1,2,-33.96343955462007,-14.377089536172212,36.881105323884256,0.9208899585941991,C2
beta_max,0.1,3,-33.96343955462007,14.377089536172212,36.881105323884256,0.9208899585941991,C2
beta_max,0.1,4,-2.5731208907598955,0.0,2.5731208907598955,1.0,C2
beta_max,0.1,5,0.0,0.0,0.0,1.0,C2
beta_max,0.15,1,-50.00000000000012,0.0,50.00000000000012,1.0,C2
beta_max,0.15,2,-33.96343955462007,-14.377089536172212,36.881105323884256,0.9208899585941991,C2
beta_max,0.15,3,-33.96343955462007,14.377089536172212,36.881105323884256,0.9208899585941991,C2
beta_max,0.15,4,-2.5731208907598955,0.0,2.5731208907598955,1.0,C2
beta_max,0.15,5,0.0,0.0,0.0,1.0,C2
beta_max,0.2,1,-50.00000000000012,0.0,50.00000000000012,1.0,C2
beta_max,0.2,2,-33.96343955462007,-14.377089536172212,36.881105323884256,0.9208899585941991,C2
beta_max,0.2,3,-33.96343955462007,14.377089536172212,36.881105323884256,0.9208899585941991,C2
beta_max,0.2,4,-2.5731208907598955,0.0,2.5731208907598955,1.0,C2
beta_max,0.2,5,0.0,0.0,0.0,1.0,C2
beta_max,0.25,1,-50.00000000000012,0.0,50.00000000000012,1.0,C2
beta_max,0.25,2,-33.96343955462007,-14.377089536172212,36.881105323884256,0.9208899585941991,C2
beta_max,0.25,3,-33.96343955462007,14.377089536172212,36.881105323884256,0.9208899585941991,C2
beta_max,0.25,4,-2.5731208907598955,0.0,2.5731208907598955,1.0,C2
beta_max,0.25,5,0.0,0.0,0.0,1.0,C2
beta_max,0.3,1,-50.00000000000012,0.0,50.00000000000012,1.0,C2
beta_max,0.3,2,-33.96343955462007,-14.377089536172212,36.881105323884256,0.9208899585941991,C2
beta_max,0.3,3,-33.96343955462007,14.377089536172212,36.881105323884256,0.9208899585941991,C2
beta_max,0.3,4,-2.5731208907598955,0.0,2.5731208907598955,1.0,C2
beta_max,0.3,5,0.0,0.0,0.0,1.0,C2
beta_max,0.35,1,-50.00000000000012,0.0,50.00000000000012,1.0,C2
beta_max,0.35,2,-33.96343955462007,-14.377089536172212,36.881105323884256,0.9208899585941991,C2
beta_max,0.35,3,-33.96343955462007,14.377089536172212,36.881105323884256,0.9208899585941991,C2
beta_max,0.35,4,-2.5731208907598955,0.0,2.5731208907598955,1.0,C2
beta_max,0.35,5,0.0,0.0,0.0,1.0,C2
beta_max,0.4,1,-50.00000000000012,0.0,50.00000000000012,1.0,C2
beta_max,0.4,2,-33.96343955462007,-14.377089536172212,36.881105323884256,0.9208899585941991,C2
beta_max,0.4,3,-33.96343955462007,14.377089536172212,36.881105323884256,0.9208899585941991,C2
beta_max,0.4,4,-2.5731208907598955,0.0,2.5731208907598955,1.0,C2
beta_max,0.4,5,0.0,0.0,0.0,1.0,C2
beta_max,0.45,1,-50.00000000000012,0.0,50.00000000000012,1.0,C2
beta_max,0.45,2,-33.96343955462007,-14.377089536172212,36.881105323884256,0.9208899585941991,C2
beta_max,0.45,3,-33.96343955462007,14.377089536172212,36.881105323884256,0.9208899585941991,C2
beta_max,0.45,4,-2.5731208907598955,0.0,2.5731208907598955,1.0,C2
beta_max,0.45,5,0.0,0.0,0.0,1.0,C2
beta_max,0.5,1,-50.00000000000012,0.0,50.00000000000012,1.0,C2
beta_max,0.5,2,-33.96343955462007,-14.377089536172212,36.881105323884256,0.9208899585941991,C2
beta_max,0.5,3,-33.96343955462007,14.377089536172212,36.881105323884256,0.9208899585941991,C2
beta_max,0.5,4,-2.5731208907598955,0.0,2.5731208907598955,1.0,C2
beta_max,0.5,5,0.0,0.0,0.0,1.0,C2
beta_max,0.55,1,-50.00000000000012,0.0,50.00000000000012,1.0,C2
beta_max,0.55,2,-33.96343955462007,-14.377089536172212,36.881105323884256,0.9208899585941991,C2
beta_max,0.55,3,-33.96343955462007,14.377089536172212,36.881105323884256,0.9208899585941991,C2
beta_max,0.55,4,-2.5731208907598955,0.0,2.5731208907598955,1.0,C2
beta_max,0.55,5,0.0,0.0,0.0,1.0,C2
beta_max,0.6,1,-50.00000000000012,0.0,50.00000000000012,1.0,C2
beta_max,0.6,2,-33.96343955462007,-14.377089536172212,36.881105323884256,0.9208899585941991,C2
beta_max,0.6,3,-33.96343955462007,14.377089536172212,36.881105323884256,0.9208899585941991,C2
beta_max,0.6,4,-2.5731208907598955,0.0,2.5731208907598955,1.0,C2
beta_max,0.6,5,0.0,0.0,0.0,1.0,C2
beta_max,0.65,1,-50.00000000000012,0.0,50.00000000000012,1.0,C2
beta_max,0.65,2,-33.96343955462007,-14.377089536172212,36.881105323884256,0.9208899585941991,C2
beta_max,0.65,3,-33.96343955462007,14.377089536172212,36.881105323884256,0.9208899585941991,C2
beta_max,0.65,4,-2.5731208907598955,0.0,2.5731208907598955,1.0,C2
beta_max,0.65,5,0.0,0.0,0.0,1.0,C2
beta_max,0.7,1,-50.00000000000012,0.0,50.00000000000012,1.0,C2
beta_max,0.7,2,-33.96343955462007,-14.377089536172212,36.881105323884256,0.9208899585941991,C2
beta_max,0.7,3,-33.96343955462007,14.377089536172212,36.881105323884256,0.9208899585941991,C2
beta_max,0.7,4,-2.5731208907598955,0.0,2.5731208907598955,1.0,C2
beta_max,0.7,5,0.0,0.0,0.0,1.0,C2
beta_max,0.75,1,-50.00000000000012,0.0,50.00000000000012,1.0,C2
beta_max,0.75,2,-33.96343955462007,-14.377089536172212,36.881105323884256,0.9208899585941991,C2
beta_max,0.75,3,-33.96343955462007,14.377089536172212,36.881105323884256,0.9208899585941991,C2
beta_max,0.75,4,-2.5731208907598955,0.0,2.5731208907598955,1.0,C2
beta_max,0.75,5,0.0,0.0,0.0,1.0,C2
beta_max,0.8,1,-50.00000000000012,0.0,50.00000000000012,1.0,C2
beta_max,0.8,2,-33.96343955462007,-14.377089536172212,36.881105323884256,0.9208899585941991,C2
beta_max,0.8,3,-33.96343955462007,14.377089536172212,36.881105323884256,0.9208899585941991,C2
beta_max,0.8,4,-2.5731208907598955,0.0,2.5731208907598955,1.0,C2
beta_max,0.8,5,0.0,0.0,0.0,1.0,C2
beta_max,0.85,1,-50.00000000000012,0.0,50.00000000000012,1.0,C2
beta_max,0.85,2,-33.96343955462007,-14.377089536172212,36.881105323884256,0.9208899585941991,C2
beta_max,0.85,3,-33.96343955462007,14.377089536172212,36.881105323884256,0.9208899585941991,C2
beta_max,0.85,4,-2.5731208907598955,0.0,2.5731208907598955,1.0,C2
beta_max,0.85,5,0.0,0.0,0.0,1.0,C2
beta_max,0.9,1,-50.00000000000012,0.0,50.00000000000012,1.0,C2
beta_max,0.9,2,-33.96343955462007,-14.377089536172212,36.881105323884256,0.9208899585941991,C2
beta_max,0.9,3,-33.96343955462007,14.377089536172212,36.881105323884256,0.9208899585941991,C2
beta_max,0.9,4,-2.5731208907598955,0.0,2.5731208907598955,1.0,C2
beta_max,0.9,5,0.0,0.0,0.0,1.0,C2
beta_max,0.95,1,-50.00000000000012,0.0,50.00000000000012,1.0,C2
beta_max,0.95,2,-33.96343955462007,-14.377089536172212,36.881105323884256,0.9208899585941991,C2
beta_max,0.95,3,-33.96343955462007,14.377089536172212,36.881105323884256,0.9208899585941991,C2
beta_max,0.95,4,-2.5731208907598955,0.0,2.5731208907598955,1.0,C2
beta_max,0.95,5,0.0,0.0,0.0,1.0,C2
beta_max,1.0,1,-50.00000000000012,0.0,50.00000000000012,1.0,C2
beta_max,1.0,2,-33.96343955462007,-14.377089536172212,36.881105323884256,0.9208899585941991,C2
beta_max,1.0,3,-33.96343955462007,14.377089536172212,36.881105323884256,0.9208899585941991,C2
beta_max,1.0,4,-2.5731208907598955,0.0,2.5731208907598955,1.0,C2
beta_max,1.0,5,0.0,0.0,0.0,1.0,C2
beta_max,0.1,1,-50.00000000000011,0.0,50.00000000000011,1.0,C3
beta_max,0.1,2,-33.963439545767955,-14.377089572195151,36.88110532977499,0.9208899582070948,C3
beta_max,0.1,3,-33.963439545767955,14.377089572195151,36.88110532977499,0.9208899582070948,C3
beta_max,0.1,4,-2.5731209084640554,0.0,2.5731209084640554,1.0,C3
beta_max,0.1,5,0.0,0.0,0.0,1.0,C3
beta_max,0.15,1,-50.00000000000011,0.0,50.00000000000011,1.0,C3
beta_max,0.15,2,-33.963439545767955,-14.377089572195151,36.88110532977499,0.9208899582070948,C3
beta_max,0.15,3,-33.963439545767955,14.377089572195151,36.88110532977499,0.9208899582070948,C3
beta_max,0.15,4,-2.5731209084640554,0.0,2.5731209084640554,1.0,C3
beta_max,0.15,5,0.0,0.0,0.0,1.0,C3
beta_max,0.2,1,-50.00000000000011,0.0,50.00000000000011,1.0,C3
beta_max,0.2,2,-33.963439545767955,-14.377089572195151,36.88110532977499,0.9208899582070948,C3
beta_max,0.2,3,-33.963439545767955,14.377089572195151,36.88110532977499,0.9208899582070948,C3
beta_max,0.2,4,-2.5731209084640554,0.0,2.5731209084640554,1.0,C3
beta_max,0.2,5,0.0,0.0,0.0,1.0,C3
beta_max,0.25,1,-50.00000000000011,0.0,50.00000000000011,1.0,C3
beta_max,0.25,2,-33.963439545767955,-14.377089572195151,36.88110532977499,0.9208899582070948,C3
beta_max,0.25,3,-33.963439545767955,14.377089572195151,36.88110532977499,0.9208899582070948,C3
beta_max,0.25,4,-2.5731209084640554,0.0,2.5731209084640554,1.0,C3
beta_max,0.25,5,0.0,0.0,0.0,1.0,C3
beta_max,0.3,1,-50.00000000000011,0.0,50.00000000000011,1.0,C3
beta_max,0.3,2,-33.963439545767955,-14.377089572195151,36.88110532977499,0.9208899582070948,C3
beta_max,0.3,3,-33.963439545767955,14.377089572195151,36.88110532977499,0.9208899582070948,C3
beta_max,0.3,4,-2.5731209084640554,0.0,2.5731209084640554,1.0,C3
beta_max,0.3,5,0.0,0.0,0.0,1.0,C3
beta_max,0.35,1,-50.00000000000011,0.0,50.00000000000011,1.0,C3
beta_max,0.35,2,-33.963439545767955,-14.377089572195151,36.88110532977499,0.9208899582070948,C3
beta_max,0.35,3,-33.963439545767955,14.377089572195151,36.88110532977499,0.9208899582070948,C3
beta_max,0.35,4,-2.5731209084640554,0.0,2.5731209084640554,1.0,C3
beta_max,0.35,5,0.0,0.0,0.0,1.0,C3
beta_max,0.4,1,-50.00000000000011,0.0,50.00000000000011,1.0,C3
beta_max,0.4,2,-33.963439545767955,-14.377089572195151,36.88110532977499,0.9208899582070948,C3
beta_max,0.4,3,-33.963439545767955,14.377089572195151,36.88110532977499,0.9208899582070948,C3
beta_max,0.4,4,-2.5731209084640554,0.0,2.5731209084640554,1.0,C3
beta_max,0.4,5,0.0,0.0,0.0,1.0,C3
beta_max,0.45,1,-50.00000000000011,0.0,50.00000000000011,1.0,C3
beta_max,0.45,2,-33.963439545767955,-14.377089572195151,36.88110532977499,0.9208899582070948,C3
beta_max,0.45,3,-33.963439545767955,14.377089572195151,36.88110532977499,0.9208899582070948,C3
beta_max,0.45,4,-2.5731209084640554,0.0,2.5731209084640554,1.0,C3
beta_max,0.45,5,0.0,0.0,0.0,1.0,C3
beta_max,0.5,1,-50.00000000000011,0.0,50.00000000000011,1.0,C3
beta_max,0.5,2,-33.963439545767955,-14.377089572195151,36.88110532977499,0.9208899582070948,C3
beta_max,0.5,3,-33.963439545767955,14.377089572195151,36.88110532977499,0.9208899582070948,C3
beta_max,0.5,4,-2.5731209084640554,0.0,2.5731209084640554,1.0,C3
beta_max,0.5,5,0.0,0.0,0.0,1.0,C3
beta_max,0.55,1,-50.00000000000011,0.0,50.00000000000011,1.0,C3
beta_max,0.55,2,-33.963439545767955,-14.377089572195151,36.88110532977499,0.9208899582070948,C3
beta_max,0.55,3,-33.963439545767955,14.377089572195151,36.88110532977499,0.9208899582070948,C3
beta_max,0.55,4,-2.5731209084640554,0.0,2.5731209084640554,1.0,C3
beta_max,0.55,5,0.0,0.0,0.0,1.0,C3
beta_max,0.6,1,-50.00000000000011,0.0,50.00000000000011,1.0,C3
beta_max,0.6,2,-33.963439545767955,-14.377089572195151,36.88110532977499,0.9208899582070948,C3
beta_max,0.6,3,-33.963439545767955,14.377089572195151,36.88110532977499,0.9208899582070948,C3
beta_max,0.6,4,-2.5731209084640554,0.0,2.5731209084640554,1.0,C3
beta_max,0.6,5,0.0,0.0,0.0,1.0,C3
beta_max,0.65,1,-50.00000000000011,0.0,50.00000000000011,1.0,C3
beta_max,0.65,2,-33.963439545767955,-14.377089572195151,36.88110532977499,0.9208899582070948,C3
beta_max,0.65,3,-33.963439545767955,14.377089572195151,36.88110532977499,0.9208899582070948,C3
beta_max,0.65,4,-2.5731209084640554,0.0,2.5731209084640554,1.0,C3
beta_max,0.65,5,0.0,0.0,0.0,1.0,C3
beta_max,0.7,1,-50.00000000000011,0.0,50.00000000000011,1.0,C3
beta_max,0.7,2,-33.963439545767955,-14.377089572195151,36.88110532977499,0.9208899582070948,C3
beta_max,0.7,3,-33.963439545767955,14.377089572195151,36.88110532977499,0.9208899582070948,C3
beta_max,0.7,4,-2.5731209084640554,0.0,2.5731209084640554,1.0,C3
beta_max,0.7,5,0.0,0.0,0.0,1.0,C3
beta_max,0.75,1,-50.00000000000011,0.0,50.00000000000011,1.0,C3
beta_max,0.75,2,-33.963439545767955,-14.377089572195151,36.88110532977499,0.9208899582070948,C3
beta_max,0.75,3,-33.963439545767955,14.377089572195151,36.88110532977499,0.9208899582070948,C3
beta_max,0.75,4,-2.5731209084640554,0.0,2.5731209084640554,1.0,C3
beta_max,0.75,5,0.0,0.0,0.0,1.0,C3
beta_max,0.8,1,-50.00000000000011,0.0,50.00000000000011,1.0,C3
beta_max,0.8,2,-33.963439545767955,-14.377089572195151,36.88110532977499,0.9208899582070948,C3
beta_max,0.8,3,-33.963439545767955,14.377089572195151,36.88110532977499,0.9208899582070948,C3
beta_max,0.8,4,-2.5731209084640554,0.0,2.5731209084640554,1.0,C3
beta_max,0.8,5,0.0,0.0,0.0,1.0,C3
beta_max,0.85,1,-50.00000000000011,0.0,50.00000000000011,1.0,C3
beta_max,0.85,2,-33.963439545767955,-14.377089572195151,36.88110532977499,0.9208899582070948,C3
beta_max,0.85,3,-33.963439545767955,14.377089572195151,36.88110532977499,0.9208899582070948,C3
beta_max,0.85,4,-2.5731209084640554,0.0,2.5731209084640554,1.0,C3
beta_max,0.85,5,0.0,0.0,0.0,1.0,C3
beta_max,0.9,1,-50.00000000000011,0.0,50.00000000000011,1.0,C3
beta_max,0.9,2,-33.963439545767955,-14.377089572195151,36.88110532977499,0.9208899582070948,C3
beta_max,0.9,3,-33.963439545767955,14.377089572195151,36.88110532977499,0.9208899582070948,C3
beta_max,0.9,4,-2.5731209084640554,0.0,2.5731209084640554,1.0,C3
beta_max,0.9,5,0.0,0.0,0.0,1.0,C3
beta_max,0.95,1,-50.00000000000011,0.0,50.00000000000011,1.0,C3
beta_max,0.95,2,-33.963439545767955,-14.377089572195151,36.88110532977499,0.9208899582070948,C3
beta_max,0.95,3,-33.963439545767955,14.377089572195151,36.88110532977499,0.9208899582070948,C3
beta_max,0.95,4,-2.5731209084640554,0.0,2.5731209084640554,1.0,C3
beta_max,0.95,5,0.0,0.0,0.0,1.0,C3
beta_max,1.0,1,-50.00000000000011,0.0,50.00000000000011,1.0,C3
beta_max,1.0,2,-33.963439545767955,-14.377089572195151,36.88110532977499,0.9208899582070948,C3
beta_max,1.0,3,-33.963439545767955,14.377089572195151,36.88110532977499,0.9208899582070948,C3
beta_max,1.0,4,-2.5731209084640554,0.0,2.5731209084640554,1.0,C3
beta_max,1.0,5,0.0,0.0,0.0,1.0,C3
beta_max,0.1,1,-50.00000000000011,0.0,50.00000000000011,1.0,C4
beta_max,0.1,2,-33.963439545767955,-14.377089572195151,36.88110532977499,0.9208899582070948,C4
beta_max,0.1,3,-33.963439545767955,14.377089572195151,36.88110532977499,0.9208899582070948,C4
beta_max,0.1,4,-2.5731209084640554,0.0,2.5731209084640554,1.0,C4
beta_max,0.1,5,0.0,0.0,0.0,1.0,C4
beta_max,0.15,1,-50.00000000000011,0.0,50.00000000000011,1.0,C4
beta_max,0.15,2,-33.963439545767955,-14.377089572195151,36.88110532977499,0.9208899582070948,C4
beta_max,0.15,3,-33.963439545767955,14.377089572195151,36.88110532977499,0.9208899582070948,C4
beta_max,0.15,4,-2.5731209084640554,0.0,2.5731209084640554,1.0,C4
beta_max,0.15,5,0.0,0.0,0.0,1.0,C4
beta_max,0.2,1,-50.00000000000011,0.0,50.00000000000011,1.0,C4
beta_max,0.2,2,-33.963439545767955,-14.377089572195151,36.88110532977499,0.9208899582070948,C4
beta_max,0.2,3,-33.963439545767955,14.377089572195151,36.88110532977499,0.9208899582070948,C4
beta_max,0.2,4,-2.5731209084640554,0.0,2.5731209084640554,1.0,C4
beta_max,0.2,5,0.0,0.0,0.0,1.0,C4
beta_max,0.25,1,-50.00000000000011,0.0,50.00000000000011,1.0,C4
beta_max,0.25,2,-33.963439545767955,-14.377089572195151,36.88110532977499,0.9208899582070948,C4
beta_max,0.25,3,-33.963439545767955,14.377089572195151,36.88110532977499,0.9208899582070948,C4
beta_max,0.25,4,-2.5731209084640554,0.0,2.5731209084640554,1.0,C4
beta_max,0.25,5,0.0,0.0,0.0,1.0,C4
beta_max,0.3,1,-50.00000000000011,0.0,50.00000000000011,1.0,C4
beta_max,0.3,2,-33.963439545767955,-14.377089572195151,36.88110532977499,0.9208899582070948,C4
beta_max,0.3,3,-33.963439545767955,14.377089572195151,36.88110532977499,0.9208899582070948,C4
beta_max,0.3,4,-2.5731209084640554,0.0,2.5731209084640554,1.0,C4
beta_max,0.3,5,0.0,0.0,0.0,1.0,C4
beta_max,0.35,1,-50.00000000000011,0.0,50.00000000000011,1.0,C4
beta_max,0.35,2,-33.963439545767955,-14.377089572195151,36.88110532977499,0.9208899582070948,C4
beta_max,0.35,3,-33.963439545767955,14.377089572195151,36.88110532977499,0.9208899582070948,C4
beta_max,0.35,4,-2.5731209084640554,0.0,2.5731209084640554,1.0,C4
beta_max,0.35,5,0.0,0.0,0.0,1.0,C4
beta_max,0.4,1,-50.00000000000011,0.0,50.00000000000011,1.0,C4
beta_max,0.4,2,-33.963439545767955,-14.377089572195151,36.88110532977499,0.9208899582070948,C4
beta_max,0.4,3,-33.963439545767955,14.377089572195151,36.88110532977499,0.9208899582070948,C4
beta_max,0.4,4,-2.5731209084640554,0.0,2.5731209084640554,1.0,C4
beta_max,0.4,5,0.0,0.0,0.0,1.0,C4
beta_max,0.45,1,-50.00000000000011,0.0,50.00000000000011,1.0,C4
beta_max,0.45,2,-33.963439545767955,-14.377089572195151,36.88110532977499,0.9208899582070948,C4
beta_max,0.45,3,-33.963439545767955,14.377089572195151,36.88110532977499,0.9208899582070948,C4
beta_max,0.45,4,-2.5731209084640554,0.0,2.5731209084640554,1.0,C4
beta_max,0.45,5,0.0,0.0,0.0,1.0,C4
beta_max,0.5,1,-50.00000000000011,0.0,50.00000000000011,1.0,C4
beta_max,0.5,2,-33.963439545767955,-14.377089572195151,36.88110532977499,0.9208899582070948,C4
beta_max,0.5,3,-33.963439545767955,14.377089572195151,36.88110532977499,0.9208899582070948,C4
beta_max,0.5,4,-2.5731209084640554,0.0,2.5731209084640554,1.0,C4
beta_max,0.5,5,0.0,0.0,0.0,1.0,C4
beta_max,0.55,1,-50.00000000000011,0.0,50.00000000000011,1.0,C4
beta_max,0.55,2,-33.963439545767955,-14.377089572195151,36.88110532977499,0.9208899582070948,C4
beta_max,0.55,3,-33.963439545767955,14.377089572195151,36.88110532977499,0.9208899582070948,C4
beta_max,0.55,4,-2.5731209084640554,0.0,2.5731209084640554,1.0,C4
beta_max,0.55,5,0.0,0.0,0.0,1.0,C4
beta_max,0.6,1,-50.00000000000011,0.0,50.00000000000011,1.0,C4
beta_max,0.6,2,-33.963439545767955,-14.377089572195151,36.88110532977499,0.9208899582070948,C4
beta_max,0.6,3,-33.963439545767955,14.377089572195151,36.88110532977499,0.9208899582070948,C4
beta_max,0.6,4,-2.5731209084640554,0.0,2.5731209084640554,1.0,C4
beta_max,0.6,5,0.0,0.0,0.0,1.0,C4
beta_max,0.65,1,-50.00000000000011,0.0,50.00000000000011,1.0,C4
beta_max,0.65,2,-33.963439545767955,-14.377089572195151,36.88110532977499,0.9208899582070948,C4
beta_max,0.65,3,-33.963439545767955,14.377089572195151,36.88110532977499,0.9208899582070948,C4
beta_max,0.65,4,-2.5731209084640554,0.0,2.5731209084640554,1.0,C4
beta_max,0.65,5,0.0,0.0,0.0,1.0,C4
beta_max,0.7,1,-50.00000000000011,0.0,50.00000000000011,1.0,C4
beta_max,0.7,2,-33.963439545767955,-14.377089572195151,36.88110532977499,0.9208899582070948,C4
beta_max,0.7,3,-33.963439545767955,14.377089572195151,36.88110532977499,0.9208899582070948,C4
beta_max,0.7,4,-2.5731209084640554,0.0,2.5731209084640554,1.0,C4
beta_max,0.7,5,0.0,0.0,0.0,1.0,C4
beta_max,0.75,1,-50.00000000000011,0.0,50.00000000000011,1.0,C4
beta_max,0.75,2,-33.963439545767955,-14.377089572195151,36.88110532977499,0.9208899582070948,C4
beta_max,0.75,3,-33.963439545767955,14.377089572195151,36.88110532977499,0.9208899582070948,C4
beta_max,0.75,4,-2.5731209084640554,0.0,2.5731209084640554,1.0,C4
beta_max,0.75,5,0.0,0.0,0.0,1.0,C4
beta_max,0.8,1,-50.00000000000011,0.0,50.00000000000011,1.0,C4
beta_max,0.8,2,-33.963439545767955,-14.377089572195151,36.88110532977499,0.9208899582070948,C4
beta_max,0.8,3,-33.963439545767955,14.377089572195151,36.88110532977499,0.9208899582070948,C4
beta_max,0.8,4,-2.5731209084640554,0.0,2.5731209084640554,1.0,C4
beta_max,0.8,5,0.0,0.0,0.0,1.0,C4
beta_max,0.85,1,-50.00000000000011,0.0,50.00000000000011,1.0,C4
beta_max,0.85,2,-33.963439545767955,-14.377089572195151,36.88110532977499,0.9208899582070948,C4
beta_max,0.85,3,-33.963439545767955,14.377089572195151,36.88110532977499,0.9208899582070948,C4
beta_max,0.85,4,-2.5731209084640554,0.0,2.5731209084640554,1.0,C4
beta_max,0.85,5,0.0,0.0,0.0,1.0,C4
beta_max,0.9,1,-50.00000000000011,0.0,50.00000000000011,1.0,C4
beta_max,0.9,2,-33.963439545767955,-14.377089572195151,36.88110532977499,0.9208899582070948,C4
beta_max,0.9,3,-33.963439545767955,14.377089572195151,36.88110532977499,0.9208899582070948,C4
beta_max,0.9,4,-2.5731209084640554,0.0,2.5731209084640554,1.0,C4
beta_max,0.9,5,0.0,0.0,0.0,1.0,C4
beta_max,0.95,1,-50.00000000000011,0.0,50.00000000000011,1.0,C4
beta_max,0.95,2,-33.963439545767955,-14.377089572195151,36.88110532977499,0.9208899582070948,C4
beta_max,0.95,3,-33.963439545767955,14.377089572195151,36.88110532977499,0.9208899582070948,C4
beta_max,0.95,4,-2.5731209084640554,0.0,2.5731209084640554,1.0,C4
beta_max,0.95,5,0.0,0.0,0.0,1.0,C4
beta_max,1.0,1,-50.00000000000011,0.0,50.00000000000011,1.0,C4
beta_max,1.0,2,-33.963439545767955,-14.377089572195151,36.88110532977499,0.9208899582070948,C4
beta_max,1.0,3,-33.963439545767955,14.377089572195151,36.88110532977499,0.9208899582070948,C4
beta_max,1.0,4,-2.5731209084640554,0.0,2.5731209084640554,1.0,C4
beta_max,1.0,5,0.0,0.0,0.0,1.0,C4
H_max,1.0,1,-50.0000000000001,0.0,50.0000000000001,1.0,C1
H_max,1.0,2,-33.963439563472086,-14.377089500149234,36.881105317993416,0.9208899589813033,C1
H_max,1.0,3,-33.963439563472086,14.377089500149234,36.881105317993416,0.9208899589813033,C1
H_max,1.0,4,-2.5731208730557498,0.0,2.5731208730557498,1.0,C1
H_max,1.0,5,0.0,0.0,0.0,1.0,C1
H_max,1.5,1,-50.0000000000001,0.0,50.0000000000001,1.0,C1
H_max,1.5,2,-33.963439563472086,-14.377089500149234,36.881105317993416,0.9208899589813033,C1
H_max,1.5,3,-33.963439563472086,14.377089500149234,36.881105317993416,0.9208899589813033,C1
H_max,1.5,4,-2.5731208730557498,0.0,2.5731208730557498,1.0,C1
H_max,1.5,5,0.0,0.0,0.0,1.0,C1
H_max,2.0,1,-50.0000000000001,0.0,50.0000000000001,1.0,C1
H_max,2.0,2,-33.963439563472086,-14.377089500149234,36.881105317993416,0.9208899589813033,C1
H_max,2.0,3,-33.963439563472086,14.377089500149234,36.881105317993416,0.9208899589813033,C1
H_max,2.0,4,-2.5731208730557498,0.0,2.5731208730557498,1.0,C1
H_max,2.0,5,0.0,0.0,0.0,1.0,C1
H_max,2.5,1,-50.0000000000001,0.0,50.0000000000001,1.0,C1
H_max,2.5,2,-33.963439563472086,-14.377089500149234,36.881105317993416,0.9208899589813033,C1
H_max,2.5,3,-33.963439563472086,14.377089500149234,36.881105317993416,0.9208899589813033,C1
H_max,2.5,4,-2.5731208730557498,0.0,2.5731208730557498,1.0,C1
H_max,2.5,5,0.0,0.0,0.0,1.0,C1
H_max,3.0,1,-50.0000000000001,0.0,50.0000000000001,1.0,C1
H_max,3.0,2,-33.963439563472086,-14.377089500149234,36.881105317993416,0.9208899589813033,C1
H_max,3.0,3,-33.963439563472086,14.377089500149234,36.881105317993416,0.9208899589813033,C1
H_max,3.0,4,-2.5731208730557498,0.0,2.5731208730557498,1.0,C1
H_max,3.0,5,0.0,0.0,0.0,1.0,C1
H_max,3.5,1,-50.0000000000001,0.0,50.0000000000001,1.0,C1
H_max,3.5,2,-33.963439563472086,-14.377089500149234,36.881105317993416,0.9208899589813033,C1
H_max,3.5,3,-33.963439563472086,14.377089500149234,36.881105317993416,0.9208899589813033,C1
H_max,3.5,4,-2.5731208730557498,0.0,2.5731208730557498,1.0,C1
H_max,3.5,5,0.0,0.0,0.0,1.0,C1
H_max,4.0,1,-50.0000000000001,0.0,50.0000000000001,1.0,C1
H_max,4.0,2,-33.963439563472086,-14.377089500149234,36.881105317993416,0.9208899589813033,C1
H_max,4.0,3,-33.963439563472086,14.377089500149234,36.881105317993416,0.9208899589813033,C1
H_max,4.0,4,-2.5731208730557498,0.0,2.5731208730557498,1.0,C1
H_max,4.0,5,0.0,0.0,0.0,1.0,C1
H_max,4.5,1,-50.0000000000001,0.0,50.0000000000001,1.0,C1
H_max,4.5,2,-33.963439563472086,-14.377089500149234,36.881105317993416,0.9208899589813033,C1
H_max,4.5,3,-33.963439563472086,14.377089500149234,36.881105317993416,0.9208899589813033,C1
H_max,4.5,4,-2.5731208730557498,0.0,2.5731208730557498,1.0,C1
H_max,4.5,5,0.0,0.0,0.0,1.0,C1
H_max,5.0,1,-50.0000000000001,0.0,50.0000000000001,1.0,C1
H_max,5.0,2,-33.963439563472086,-14.377089500149234,36.881105317993416,0.9208899589813033,C1
H_max,5.0,3,-33.963439563472086,14.377089500149234,36.881105317993416,0.9208899589813033,C1
H_max,5.0,4,-2.5731208730557498,0.0,2.5731208730557498,1.0,C1
H_max,5.0,5,0.0,0.0,0.0,1.0,C1
H_max,5.5,1,-50.0000000000001,0.0,50.0000000000001,1.0,C1
H_max,5.5,2,-33.963439563472086,-14.377089500149234,36.881105317993416,0.9208899589813033,C1
H_max,5.5,3,-33.963439563472086,14.377089500149234,36.881105317993416,0.9208899589813033,C1
H_max,5.5,4,-2.5731208730557498,0.0,2.5731208730557498,1.0,C1
H_max,5.5,5,0.0,0.0,0.0,1.0,C1
H_max,6.0,1,-50.0000000000001,0.0,50.0000000000001,1.0,C1
H_max,6.0,2,-33.963439563472086,-14.377089500149234,36.881105317993416,0.9208899589813033,C1
H_max,6.0,3,-33.963439563472086,14.377089500149234,36.881105317993416,0.9208899589813033,C1
H_max,6.0,4,-2.5731208730557498,0.0,2.5731208730557498,1.0,C1
H_max,6.0,5,0.0,0.0,0.0,1.0,C1
H_max,6.5,1,-50.0000000000001,0.0,50.0000000000001,1.0,C1
H_max,6.5,2,-33.963439563472086,-14.377089500149234,36.881105317993416,0.9208899589813033,C1
H_max,6.5,3,-33.963439563472086,14.377089500149234,36.881105317993416,0.9208899589813033,C1
H_max,6.5,4,-2.5731208730557498,0.0,2.5731208730557498,1.0,C1
H_max,6.5,5,0.0,0.0,0.0,1.0,C1
H_max,7.0,1,-50.0000000000001,0.0,50.0000000000001,1.0,C1
H_max,7.0,2,-33.963439563472086,-14.377089500149234,36.881105317993416,0.9208899589813033,C1
H_max,7.0,3,-33.963439563472086,14.377089500149234,36.881105317993416,0.9208899589813033,C1
H_max,7.0,4,-2.5731208730557498,0.0,2.5731208730557498,1.0,C1
H_max,7.0,5,0.0,0.0,0.0,1.0,C1
H_max,7.5,1,-50.0000000000001,0.0,50.0000000000001,1.0,C1
H_max,7.5,2,-33.963439563472086,-14.377089500149234,36.881105317993416,0.9208899589813033,C1
H_max,7.5,3,-33.963439563472086,14.377089500149234,36.881105317993416,0.9208899589813033,C1
H_max,7.5,4,-2.5731208730557498,0.0,2.5731208730557498,1.0,C1
H_max,7.5,5,0.0,0.0,0.0,1.0,C1
H_max,8.0,1,-50.0000000000001,0.0,50.0000000000001,1.0,C1
H_max,8.0,2,-33.963439563472086,-14.377089500149234,36.881105317993416,0.9208899589813033,C1
H_max,8.0,3,-33.963439563472086,14.377089500149234,36.881105317993416,0.9208899589813033,C1
H_max,8.0,4,-2.5731208730557498,0.0,2.5731208730557498,1.0,C1
H_max,8.0,5,0.0,0.0,0.0,1.0,C1
H_max,1.0,1,-50.00000000000005,0.0,50.00000000000005,1.0,C2
H_max,1.0,2,-33.9634395529023,-14.377089477071571,36.881105299263616,0.9208899591623798,C2
H_max,1.0,3,-33.9634395529023,14.377089477071571,36.881105299263616,0.9208899591623798,C2
H_max,1.0,4,-2.5731208941953554,0.0,2.5731208941953554,1.0,C2
H_max,1.0,5,0.0,0.0,0.0,1.0,C2
H_max,1.5,1,-50.00000000000011,0.0,50.00000000000011,1.0,C2
H_max,1.5,2,-33.963439553117055,-14.377089484459143,36.88110530234122,0.9208899590913575,C2
H_max,1.5,3,-33.963439553117055,14.377089484459143,36.88110530234122,0.9208899590913575,C2
H_max,1.5,4,-2.5731208937659176,0.0,2.5731208937659176,1.0,C2
H_max,1.5,5,0.0,0.0,0.0,1.0,C2
H_max,2.0,1,-50.00000000000005,0.0,50.00000000000005,1.0,C2
H_max,2.0,2,-33.96343955333174,-14.377089491846723,36.881105305418764,0.9208899590203349,C2
H_max,2.0,3,-33.96343955333174,14.377089491846723,36.881105305418764,0.9208899590203349,C2
H_max,2.0,4,-2.573120893336494,0.0,2.573120893336494,1.0,C2
H_max,2.0,5,0.0,0.0,0.0,1.0,C2
H_max,2.5,1,-50.00000000000009,0.0,50.00000000000009,1.0,C2
H_max,2.5,2,-33.96343955354645,-14.377089499234334,36.88110530849635,0.9208899589493118,C2
H_max,2.5,3,-33.96343955354645,14.377089499234334,36.88110530849635,0.9208899589493118,C2
H_max,2.5,4,-2.5731208929070633,0.0,2.5731208929070633,1.0,C2
H_max,2.5,5,0.0,0.0,0.0,1.0,C2
H_max,3.0,1,-50.0000000000001,0.0,50.0000000000001,1.0,C2
H_max,3.0,2,-33.96343955376118,-14.377089506621871,36.88110531157392,0.9208899588782897,C2
H_max,3.0,3,-33.96343955376118,14.377089506621871,36.88110531157392,0.9208899588782897,C2
H_max,3.0,4,-2.5731208924776325,0.0,2.5731208924776325,1.0,C2
H_max,3.0,5,0.0,0.0,0.0,1.0,C2
H_max,3.5,1,-50.00000000000003,0.0,50.00000000000003,1.0,C2
H_max,3.5,2,-33.96343955397589,-14.377089514009446,36.881105314651485,0.9208899588072672,C2
H_max,3.5,3,-33.96343955397589,14.377089514009446,36.881105314651485,0.9208899588072672,C2
H_max,3.5,4,-2.5731208920481947,0.0,2.5731208920481947,1.0,C2
H_max,3.5,5,0.0,0.0,0.0,1.0,C2
H_max,4.0,1,-50.00000000000013,0.0,50.00000000000013,1.0,C2
H_max,4.0,2,-33.96343955419059,-14.377089521397037,36.88110531772906,0.9208899587362444,C2
H_max,4.0,3,-33.96343955419059,14.377089521397037,36.88110531772906,0.9208899587362444,C2
H_max,4.0,4,-2.573120891618757,0.0,2.573120891618757,1.0,C2
H_max,4.0,5,0.0,0.0,0.0,1.0,C2
H_max,4.5,1,-50.00000000000013,0.0,50.00000000000013,1.0,C2
H_max,4.5,2,-33.96343955440529,-14.37708952878459,36.881105320806604,0.9208899586652219,C2
H_max,4.5,3,-33.96343955440529,14.37708952878459,36.881105320806604,0.9208899586652219,C2
H_max,4.5,4,-2.5731208911893333,0.0,2.5731208911893333,1.0,C2
H_max,4.5,5,0.0,0.0,0.0,1.0,C2
H_max,5.0,1,-50.00000000000012,0.0,50.00000000000012,1.0,C2
H_max,5.0,2,-33.96343955462007,-14.377089536172212,36.881105323884256,0.9208899585941991,C2
H_max,5.0,3,-33.96343955462007,14.377089536172212,36.881105323884256,0.9208899585941991,C2
H_max,5.0,4,-2.5731208907598955,0.0,2.5731208907598955,1.0,C2
H_max,5.0,5,0.0,0.0,0.0,1.0,C2
H_max,5.5,1,-50.00000000000002,0.0,50.00000000000002,1.0,C2
H_max,5.5,2,-33.96343955483481,-14.377089543559757,36.88110532696184,0.920889958523177,C2
H_max,5.5,3,-33.96343955483481,14.377089543559757,36.88110532696184,0.920889958523177,C2
H_max,5.5,4,-2.5731208903304648,0.0,2.5731208903304648,1.0,C2
H_max,5.5,5,0.0,0.0,0.0,1.0,C2
H_max,6.0,1,-50.00000000000008,0.0,50.00000000000008,1.0,C2
H_max,6.0,2,-33.963439555049476,-14.377089550947312,36.88110533003936,0.9208899584521544,C2
H_max,6.0,3,-33.963439555049476,14.377089550947312,36.88110533003936,0.9208899584521544,C2
H_max,6.0,4,-2.573120889901041,0.0,2.573120889901041,1.0,C2
H_max,6.0,5,0.0,0.0,0.0,1.0,C2
H_max,6.5,1,-50.00000000000011,0.0,50.00000000000011,1.0,C2
H_max,6.5,2,-33.96343955526417,-14.377089558334882,36.88110533311691,0.9208899583811319,C2
H_max,6.5,3,-33.96343955526417,14.377089558334882,36.88110533311691,0.9208899583811319,C2
H_max,6.5,4,-2.5731208894716033,0.0,2.5731208894716033,1.0,C2
H_max,6.5,5,0.0,0.0,0.0,1.0,C2
H_max,7.0,1,-50.00000000000008,0.0,50.00000000000008,1.0,C2
H_max,7.0,2,-33.9634395554789,-14.377089565722484,36.88110533619451,0.920889958310109,C2
H_max,7.0,3,-33.9634395554789,14.377089565722484,36.88110533619451,0.920889958310109,C2
H_max,7.0,4,-2.5731208890421655,0.0,2.5731208890421655,1.0,C2
H_max,7.0,5,0.0,0.0,0.0,1.0,C2
H_max,7.5,1,-50.0000000000001,0.0,50.0000000000001,1.0,C2
H_max,7.5,2,-33.963439555693654,-14.377089573110108,36.88110533927214,0.920889958239086,C2
H_max,7.5,3,-33.963439555693654,14.377089573110108,36.88110533927214,0.920889958239086,C2
H_max,7.5,4,-2.5731208886127277,0.0,2.5731208886127277,1.0,C2
H_max,7.5,5,0.0,0.0,0.0,1.0,C2
H_max,8.0,1,-50.00000000000011,0.0,50.00000000000011,1.0,C2
H_max,8.0,2,-33.96343955590834,-14.377089580497662,36.88110534234967,0.9208899581680636,C2
H_max,8.0,3,-33.96343955590834,14.377089580497662,36.88110534234967,0.9208899581680636,C2
H_max,8.0,4,-2.573120888183304,0.0,2.573120888183304,1.0,C2
H_max,8.0,5,0.0,0.0,0.0,1.0,C2
H_max,1.0,1,-50.00000000000012,0.0,50.00000000000012,1.0,C3
H_max,1.0,2,-33.96343954233251,-14.377089453993921,36.88110528053381,0.9208899593434562,C3
H_max,1.0,3,-33.96343954233251,14.377089453993921,36.88110528053381,0.9208899593434562,C3
H_max,1.0,4,-2.573120915334961,0.0,2.573120915334961,1.0,C3
H_max,1.0,5,0.0,0.0,0.0,1.0,C3
H_max,1.5,1,-50.00000000000015,0.0,50.00000000000015,1.0,C3
H_max,1.5,2,-33.96343954276191,-14.377089468769062,36.88110528668892,0.9208899592014111,C3
H_max,1.5,3,-33.96343954276191,14.377089468769062,36.88110528668892,0.9208899592014111,C3
H_max,1.5,4,-2.5731209144760996,0.0,2.5731209144760996,1.0,C3
H_max,1.5,5,0.0,0.0,0.0,1.0,C3
H_max,2.0,1,-50.00000000000009,0.0,50.00000000000009,1.0,C3
H_max,2.0,2,-33.96343954319137,-14.377089483544221,36.8811052928441,0.9208899590593661,C3
H_max,2.0,3,-33.96343954319137,14.377089483544221,36.8811052928441,0.9208899590593661,C3
H_max,2.0,4,-2.573120913617238,0.0,2.573120913617238,1.0,C3
H_max,2.0,5,0.0,0.0,0.0,1.0,C3
H_max,2.5,1,-50.00000000000006,0.0,50.00000000000006,1.0,C3
H_max,2.5,2,-33.963439543620794,-14.377089498319368,36.88110529899924,0.9208899589173208,C3
H_max,2.5,3,-33.963439543620794,14.377089498319368,36.88110529899924,0.9208899589173208,C3
H_max,2.5,4,-2.5731209127583696,0.0,2.5731209127583696,1.0,C3
H_max,2.5,5,0.0,0.0,0.0,1.0,C3
H_max,3.0,1,-50.00000000000011,0.0,50.00000000000011,1.0,C3
H_max,3.0,2,-33.96343954405024,-14.377089513094521,36.8811053051544,0.9208899587752758,C3
H_max,3.0,3,-33.96343954405024,14.377089513094521,36.8811053051544,0.9208899587752758,C3
H_max,3.0,4,-2.5731209118995153,0.0,2.5731209118995153,1.0,C3
H_max,3.0,5,0.0,0.0,0.0,1.0,C3
H_max,3.5,1,-50.00000000000004,0.0,50.00000000000004,1.0,C3
H_max,3.5,2,-33.96343954447967,-14.37708952786969,36.881105311309554,0.9208899586332304,C3
H_max,3.5,3,-33.96343954447967,14.37708952786969,36.881105311309554,0.9208899586332304,C3
H_max,3.5,4,-2.5731209110406397,0.0,2.5731209110406397,1.0,C3
H_max,3.5,5,0.0,0.0,0.0,1.0,C3
H_max,4.0,1,-50.00000000000011,0.0,50.00000000000011,1.0,C3
H_max,4.0,2,-33.96343954490909,-14.377089542644837,36.881105317464694,0.9208899584911853,C3
H_max,4.0,3,-33.96343954490909,14.377089542644837,36.881105317464694,0.9208899584911853,C3
H_max,4.0,4,-2.5731209101817853,0.0,2.5731209101817853,1.0,C3
H_max,4.0,5,0.0,0.0,0.0,1.0,C3
H_max,4.5,1,-50.00000000000015,0.0,50.00000000000015,1.0,C3
H_max,4.5,2,-33.96343954533853,-14.37708955741999,36.88110532361985,0.9208899583491401,C3
H_max,4.5,3,-33.96343954533853,14.37708955741999,36.88110532361985,0.9208899583491401,C3
H_max,4.5,4,-2.5731209093229026,0.0,2.5731209093229026,1.0,C3
H_max,4.5,5,0.0,0.0,0.0,1.0,C3
H_max,5.0,1,-50.00000000000011,0.0,50.00000000000011,1.0,C3
H_max,5.0,2,-33.963439545767955,-14.377089572195151,36.88110532977499,0.9208899582070948,C3
H_max,5.0,3,-33.963439545767955,14.377089572195151,36.88110532977499,0.9208899582070948,C3
H_max,5.0,4,-2.5731209084640554,0.0,2.5731209084640554,1.0,C3
H_max,5.0,5,0.0,0.0,0.0,1.0,C3
H_max,5.5,1,-50.00000000000012,0.0,50.00000000000012,1.0,C3
H_max,5.5,2,-33.96343954619739,-14.377089586970301,36.881105335930144,0.9208899580650497,C3
H_max,5.5,3,-33.96343954619739,14.377089586970301,36.881105335930144,0.9208899580650497,C3
H_max,5.5,4,-2.573120907605187,0.0,2.573120907605187,1.0,C3
H_max,5.5,5,0.0,0.0,0.0,1.0,C3
H_max,6.0,1,-50.000000000000114,0.0,50.000000000000114,1.0,C3
H_max,6.0,2,-33.96343954662683,-14.377089601745451,36.8811053420853,0.9208899579230045,C3
H_max,6.0,3,-33.96343954662683,14.377089601745451,36.8811053420853,0.9208899579230045,C3
H_max,6.0,4,-2.5731209067463183,0.0,2.5731209067463183,1.0,C3
H_max,6.0,5,0.0,0.0,0.0,1.0,C3
H_max,6.5,1,-50.000000000000064,0.0,50.000000000000064,1.0,C3
H_max,6.5,2,-33.96343954705627,-14.377089616520578,36.88110534824044,0.9208899577809598,C3
H_max,6.5,3,-33.96343954705627,14.377089616520578,36.88110534824044,0.9208899577809598,C3
H_max,6.5,4,-2.57312090588745,0.0,2.57312090588745,1.0,C3
H_max,6.5,5,0.0,0.0,0.0,1.0,C3
H_max,7.0,1,-49.999999999999986,0.0,49.999999999999986,1.0,C3
H_max,7.0,2,-33.96343954748571,-14.377089631295751,36.88110535439561,0.9208899576389145,C3
H_max,7.0,3,-33.96343954748571,14.377089631295751,36.88110535439561,0.9208899576389145,C3
H_max,7.0,4,-2.5731209050285884,0.0,2.5731209050285884,1.0,C3
H_max,7.0,5,0.0,0.0,0.0,1.0,C3
H_max,7.5,1,-50.00000000000001,0.0,50.00000000000001,1.0,C3
H_max,7.5,2,-33.96343954791517,-14.377089646070901,36.88110536055078,0.9208899574968695,C3
H_max,7.5,3,-33.96343954791517,14.377089646070901,36.88110536055078,0.9208899574968695,C3
H_max,7.5,4,-2.573120904169734,0.0,2.573120904169734,1.0,C3
H_max,7.5,5,0.0,0.0,0.0,1.0,C3
H_max,8.0,1,-50.00000000000004,0.0,50.00000000000004,1.0,C3
H_max,8.0,2,-33.96343954834455,-14.377089660846055,36.88110536670588,0.920889957354824,C3
H_max,8.0,3,-33.96343954834455,14.377089660846055,36.88110536670588,0.920889957354824,C3
H_max,8.0,4,-2.5731209033108655,0.0,2.5731209033108655,1.0,C3
H_max,8.0,5,0.0,0.0,0.0,1.0,C3
H_max,1.0,1,-50.00000000000012,0.0,50.00000000000012,1.0,C4
H_max,1.0,2,-33.96343954233251,-14.377089453993921,36.88110528053381,0.9208899593434562,C4
H_max,1.0,3,-33.96343954233251,14.377089453993921,36.88110528053381,0.9208899593434562,C4
H_max,1.0,4,-2.573120915334961,0.0,2.573120915334961,1.0,C4
H_max,1.0,5,0.0,0.0,0.0,1.0,C4
H_max,1.5,1,-50.00000000000015,0.0,50.00000000000015,1.0,C4
H_max,1.5,2,-33.96343954276191,-14.377089468769062,36.88110528668892,0.9208899592014111,C4
H_max,1.5,3,-33.96343954276191,14.377089468769062,36.88110528668892,0.9208899592014111,C4
H_max,1.5,4,-2.5731209144760996,0.0,2.5731209144760996,1.0,C4
H_max,1.5,5,0.0,0.0,0.0,1.0,C4
H_max,2.0,1,-50.00000000000009,0.0,50.00000000000009,1.0,C4
H_max,2.0,2,-33.96343954319137,-14.377089483544221,36.8811052928441,0.9208899590593661,C4
H_max,2.0,3,-33.96343954319137,14.377089483544221,36.8811052928441,0.9208899590593661,C4
H_max,2.0,4,-2.573120913617238,0.0,2.573120913617238,1.0,C4
H_max,2.0,5,0.0,0.0,0.0,1.0,C4
H_max,2.5,1,-50.00000000000006,0.0,50.00000000000006,1.0,C4
H_max,2.5,2,-33.963439543620794,-14.377089498319368,36.88110529899924,0.9208899589173208,C4
H_max,2.5,3,-33.963439543620794,14.377089498319368,36.88110529899924,0.9208899589173208,C4
H_max,2.5,4,-2.5731209127583696,0.0,2.5731209127583696,1.0,C4
H_max,2.5,5,0.0,0.0,0.0,1.0,C4
H_max,3.0,1,-50.00000000000011,0.0,50.00000000000011,1.0,C4
H_max,3.0,2,-33.96343954405024,-14.377089513094521,36.8811053051544,0.9208899587752758,C4
H_max,3.0,3,-33.96343954405024,14.377089513094521,36.8811053051544,0.9208899587752758,C4
H_max,3.0,4,-2.5731209118995153,0.0,2.5731209118995153,1.0,C4
H_max,3.0,5,0.0,0.0,0.0,1.0,C4
H_max,3.5,1,-50.00000000000004,0.0,50.00000000000004,1.0,C4
H_max,3.5,2,-33.96343954447967,-14.37708952786969,36.881105311309554,0.9208899586332304,C4
H_max,3.5,3,-33.96343954447967,14.37708952786969,36.881105311309554,0.9208899586332304,C4
H_max,3.5,4,-2.5731209110406397,0.0,2.5731209110406397,1.0,C4
H_max,3.5,5,0.0,0.0,0.0,1.0,C4
H_max,4.0,1,-50.00000000000011,0.0,50.00000000000011,1.0,C4
H_max,4.0,2,-33.96343954490909,-14.377089542644837,36.881105317464694,0.9208899584911853,C4
H_max,4.0,3,-33.96343954490909,14.377089542644837,36.881105317464694,0.9208899584911853,C4
H_max,4.0,4,-2.5731209101817853,0.0,2.5731209101817853,1.0,C4
H_max,4.0,5,0.0,0.0,0.0,1.0,C4
H_max,4.5,1,-50.00000000000015,0.0,50.00000000000015,1.0,C4
H_max,4.5,2,-33.96343954533853,-14.37708955741999,36.88110532361985,0.9208899583491401,C4
H_max,4.5,3,-33.96343954533853,14.37708955741999,36.88110532361985,0.9208899583491401,C4
H_max,4.5,4,-2.5731209093229026,0.0,2.5731209093229026,1.0,C4
H_max,4.5,5,0.0,0.0,0.0,1.0,C4
H_max,5.0,1,-50.00000000000011,0.0,50.00000000000011,1.0,C4
H_max,5.0,2,-33.963439545767955,-14.377089572195151,36.88110532977499,0.9208899582070948,C4
H_max,5.0,3,-33.963439545767955,14.377089572195151,36.88110532977499,0.9208899582070948,C4
H_max,5.0,4,-2.5731209084640554,0.0,2.5731209084640554,1.0,C4
H_max,5.0,5,0.0,0.0,0.0,1.0,C4
H_max,5.5,1,-50.00000000000012,0.0,50.00000000000012,1.0,C4
H_max,5.5,2,-33.96343954619739,-14.377089586970301,36.881105335930144,0.9208899580650497,C4
H_max,5.5,3,-33.96343954619739,14.377089586970301,36.881105335930144,0.9208899580650497,C4
H_max,5.5,4,-2.573120907605187,0.0,2.573120907605187,1.0,C4
H_max,5.5,5,0.0,0.0,0.0,1.0,C4
H_max,6.0,1,-50.000000000000114,0.0,50.000000000000114,1.0,C4
H_max,6.0,2,-33.96343954662683,-14.377089601745451,36.8811053420853,0.9208899579230045,C4
H_max,6.0,3,-33.96343954662683,14.377089601745451,36.8811053420853,0.9208899579230045,C4
H_max,6.0,4,-2.5731209067463183,0.0,2.5731209067463183,1.0,C4
H_max,6.0,5,0.0,0.0,0.0,1.0,C4
H_max,6.5,1,-50.000000000000064,0.0,50.000000000000064,1.0,C4
H_max,6.5,2,-33.96343954705627,-14.377089616520578,36.88110534824044,0.9208899577809598,C4
H_max,6.5,3,-33.96343954705627,14.377089616520578,36.88110534824044,0.9208899577809598,C4
H_max,6.5,4,-2.57312090588745,0.0,2.57312090588745,1.0,C4
H_max,6.5,5,0.0,0.0,0.0,1.0,C4
H_max,7.0,1,-49.999999999999986,0.0,49.999999999999986,1.0,C4
H_max,7.0,2,-33.96343954748571,-14.377089631295751,36.88110535439561,0.9208899576389145,C4
H_max,7.0,3,-33.96343954748571,14.377089631295751,36.88110535439561,0.9208899576389145,C4
H_max,7.0,4,-2.5731209050285884,0.0,2.5731209050285884,1.0,C4
H_max,7.0,5,0.0,0.0,0.0,1.0,C4
H_max,7.5,1,-50.00000000000001,0.0,50.00000000000001,1.0,C4
H_max,7.5,2,-33.96343954791517,-14.377089646070901,36.88110536055078,0.9208899574968695,C4
H_max,7.5,3,-33.96343954791517,14.377089646070901,36.88110536055078,0.9208899574968695,C4
H_max,7.5,4,-2.573120904169734,0.0,2.573120904169734,1.0,C4
H_max,7.5,5,0.0,0.0,0.0,1.0,C4
H_max,8.0,1,-50.00000000000004,0.0,50.00000000000004,1.0,C4
H_max,8.0,2,-33.96343954834455,-14.377089660846055,36.88110536670588,0.920889957354824,C4
H_max,8.0,3,-33.96343954834455,14.377089660846055,36.88110536670588,0.920889957354824,C4
H_max,8.0,4,-2.5731209033108655,0.0,2.5731209033108655,1.0,C4
H_max,8.0,5,0.0,0.0,0.0,1.0,C4
